{
  "schema_version": "v6.0-pilot",
  "problem_id": "gpqa_diamond_0156",
  "subject": "biology",
  "c_star_bounds": [
    1.0,
    64.0
  ],
  "R_at_N": {
    "1": 0.47692307692307695,
    "2": 0.4798076923076923,
    "4": 0.593,
    "8": 0.684,
    "16": 0.827,
    "32": 0.971,
    "64": 1.0
  },
  "best_fit_unconstrained": "gompertz",
  "fits": {
    "constant": {
      "params": [
        0.7188186813186813
      ],
      "bic": -0.5471605978057479,
      "residual_se": 0.20250007640573964,
      "converged": true,
      "weight": 3.6720961500539296e-08
    },
    "logistic": {
      "params": [
        0.997326131918648,
        0.11792155796879103,
        1.721887230379234
      ],
      "bic": -32.19835024084604,
      "residual_se": 0.01598984509994434,
      "converged": true,
      "weight": 0.2740832832362496
    },
    "gompertz": {
      "params": [
        0.9999999999999999,
        0.8295915879406802,
        0.0968893905844167
      ],
      "bic": -33.8380281093516,
      "residual_se": 0.014222624790153876,
      "converged": true,
      "weight": 0.6222058259408532
    },
    "shifted_logistic": {
      "params": [
        0.9973261046297205,
        0.11792158298667736,
        1.7218870197089542,
        6.499164154000085e-20
      ],
      "bic": -30.252440091798498,
      "residual_se": 0.015989845099935462,
      "converged": true,
      "weight": 0.10359374370943038
    },
    "unimodal": {
      "params": [
        0.9999999999999999,
        47.28926874097239,
        35.45758479703276,
        0.09478010805497682
      ],
      "bic": -16.682209686929923,
      "residual_se": 0.04215089893499816,
      "converged": true,
      "weight": 0.00011711039250543188
    }
  },
  "best_fit_constrained": "gompertz",
  "unimodal_c_star_constrained": 47.28926874097239,
  "winner_flips": false
}