{
  "schema_version": "v6.0-pilot",
  "problem_id": "gpqa_diamond_0107",
  "subject": "physics",
  "c_star_bounds": [
    1.0,
    64.0
  ],
  "R_at_N": {
    "1": 0.9846153846153847,
    "2": 0.9865384615384616,
    "4": 1.0,
    "8": 1.0,
    "16": 1.0,
    "32": 1.0,
    "64": 1.0
  },
  "best_fit_unconstrained": "gompertz",
  "fits": {
    "constant": {
      "params": [
        0.995879120879121
      ],
      "bic": -48.615137287488054,
      "residual_se": 0.006535921567785865,
      "converged": true,
      "weight": 0.0014572999809847648
    },
    "logistic": {
      "params": [
        0.9978398470165118,
        4.286397101210593,
        1.911831035296117e-16
      ],
      "bic": -49.69781122255448,
      "residual_se": 0.004581343706508333,
      "converged": true,
      "weight": 0.0025040824075067427
    },
    "gompertz": {
      "params": [
        0.9999999999999999,
        0.02900029572116039,
        0.5368645053174721
      ],
      "bic": -61.66591050532139,
      "residual_se": 0.0019486330101578834,
      "converged": true,
      "weight": 0.9942334163844797
    },
    "shifted_logistic": {
      "params": [
        0.9978703466794183,
        3.98262420058655,
        1.234350271829071e-18,
        0.24999999999999997
      ],
      "bic": -47.822115320448326,
      "residual_se": 0.0045584243997328295,
      "converged": true,
      "weight": 0.0009802716145538473
    },
    "unimodal": {
      "params": [
        0.9999999969234067,
        40.22334400978937,
        234.92437259529197,
        0.004335385451579977
      ],
      "bic": -47.477052067471114,
      "residual_se": 0.004672173648061404,
      "converged": true,
      "weight": 0.0008249296124751342
    }
  },
  "best_fit_constrained": "gompertz",
  "unimodal_c_star_constrained": 40.22334400978937,
  "winner_flips": false
}