{
  "schema_version": "v6.0-pilot",
  "problem_id": "gpqa_diamond_0070",
  "subject": "physics",
  "c_star_bounds": [
    1.0,
    64.0
  ],
  "R_at_N": {
    "1": 0.4,
    "2": 0.38509615384615387,
    "4": 0.471,
    "8": 0.568,
    "16": 0.668,
    "32": 0.877,
    "64": 1.0
  },
  "best_fit_unconstrained": "gompertz",
  "fits": {
    "constant": {
      "params": [
        0.6241565934065935
      ],
      "bic": 0.660967762816421,
      "residual_se": 0.22075095083329788,
      "converged": true,
      "weight": 1.354921481236409e-07
    },
    "logistic": {
      "params": [
        0.9999999999999999,
        0.07829464098226788,
        6.205924089179439
      ],
      "bic": -29.16067328747053,
      "residual_se": 0.01986443138175922,
      "converged": true,
      "weight": 0.4051363424155375
    },
    "gompertz": {
      "params": [
        0.9999999999999999,
        1.00107119983401,
        0.06248158073909186
      ],
      "bic": -29.873625375980055,
      "residual_se": 0.01887815843711151,
      "converged": true,
      "weight": 0.5786510984833593
    },
    "shifted_logistic": {
      "params": [
        0.9999819604317091,
        7.766972710967352,
        31.790277511040127,
        0.24999999999999997
      ],
      "bic": 6.980836260619394,
      "residual_se": 0.22848568917657144,
      "converged": true,
      "weight": 5.748732767804225e-09
    },
    "unimodal": {
      "params": [
        0.9999999999999999,
        52.85222521366873,
        37.20891304726909,
        0.038323775044002785
      ],
      "bic": -22.723780937049426,
      "residual_se": 0.02737732750912274,
      "converged": true,
      "weight": 0.016212417860222417
    }
  },
  "best_fit_constrained": "gompertz",
  "unimodal_c_star_constrained": 52.85222521366873,
  "winner_flips": false
}