{
  "schema_version": "v6.0-pilot",
  "problem_id": "gpqa_diamond_0154",
  "subject": "physics",
  "c_star_bounds": [
    1.0,
    64.0
  ],
  "R_at_N": {
    "1": 0.5538461538461539,
    "2": 0.5514423076923077,
    "4": 0.714,
    "8": 0.803,
    "16": 0.95,
    "32": 0.998,
    "64": 1.0
  },
  "best_fit_unconstrained": "gompertz",
  "fits": {
    "constant": {
      "params": [
        0.7957554945054406
      ],
      "bic": -2.056919006420218,
      "residual_se": 0.18179876299807296,
      "converged": true,
      "weight": 7.905477782072539e-07
    },
    "logistic": {
      "params": [
        0.9984700235675036,
        0.19011490384373256,
        0.0957710472805867
      ],
      "bic": -28.283498638437372,
      "residual_se": 0.021148861976898827,
      "converged": true,
      "weight": 0.391703569455165
    },
    "gompertz": {
      "params": [
        0.9999999999999999,
        0.7298927010986541,
        0.16106292079306123
      ],
      "bic": -28.605784746782334,
      "residual_se": 0.020667567011392784,
      "converged": true,
      "weight": 0.4601941232506088
    },
    "shifted_logistic": {
      "params": [
        0.9984700358259887,
        0.1901148740465251,
        0.0957708453850137,
        1.0779307499984495e-17
      ],
      "bic": -26.33758848938387,
      "residual_se": 0.02114886197689609,
      "converged": true,
      "weight": 0.14805003320508864
    },
    "unimodal": {
      "params": [
        0.9999999999999999,
        44.35375382337083,
        37.20718248269379,
        0.11427113852606043
      ],
      "bic": -10.409501716433855,
      "residual_se": 0.06597702534472821,
      "converged": true,
      "weight": 5.148354135942933e-05
    }
  },
  "best_fit_constrained": "gompertz",
  "unimodal_c_star_constrained": 44.35375382337083,
  "winner_flips": false
}