{
  "schema_version": "v6.0-pilot",
  "problem_id": "gpqa_diamond_0134",
  "subject": "physics",
  "c_star_bounds": [
    1.0,
    64.0
  ],
  "R_at_N": {
    "1": 0.3076923076923077,
    "2": 0.30528846153846156,
    "4": 0.281,
    "8": 0.249,
    "16": 0.137,
    "32": 0.016,
    "64": 0.0
  },
  "best_fit_unconstrained": "unimodal",
  "fits": {
    "constant": {
      "params": [
        0.18514011038167172
      ],
      "bic": -7.394579902799228,
      "residual_se": 0.12416842187165711,
      "converged": true,
      "weight": 7.345301385520161e-09
    },
    "logistic": {
      "params": [
        0.18514051530872142,
        9.999999999978794,
        1.4237009993503264e-10
      ],
      "bic": -3.5026259775733024,
      "residual_se": 0.12416960703931504,
      "converged": true,
      "weight": 1.049258662313874e-09
    },
    "gompertz": {
      "params": [
        0.1851401099123612,
        0.00010000000001206093,
        9.999999999999998
      ],
      "bic": -3.5027595913256064,
      "residual_se": 0.12416842199017583,
      "converged": true,
      "weight": 1.0493287623489349e-09
    },
    "shifted_logistic": {
      "params": [
        0.008000022262330864,
        1.04867025504742,
        16.126271301033306,
        0.24999999999999997
      ],
      "bic": -20.24575997921881,
      "residual_se": 0.032678478280863864,
      "converged": true,
      "weight": 4.535319806735545e-06
    },
    "unimodal": {
      "params": [
        0.2976440353004831,
        1.000000000000013,
        11.790819574803507,
        0.003163072610334977
      ],
      "bic": -44.85298080408375,
      "residual_se": 0.00563534333317629,
      "converged": true,
      "weight": 0.9999954552363045
    }
  },
  "best_fit_constrained": "unimodal",
  "unimodal_c_star_constrained": 1.000000000000013,
  "winner_flips": false
}