{
  "schema_version": "v6.0-pilot",
  "problem_id": "gpqa_diamond_0087",
  "subject": "biology",
  "c_star_bounds": [
    1.0,
    64.0
  ],
  "R_at_N": {
    "1": 1.0,
    "2": 1.0,
    "4": 1.0,
    "8": 1.0,
    "16": 1.0,
    "32": 1.0,
    "64": 1.0
  },
  "best_fit_unconstrained": "constant",
  "fits": {
    "constant": {
      "params": [
        0.9999999999
      ],
      "bic": -185.2274692409663,
      "residual_se": 1.000000082740371e-10,
      "converged": true,
      "weight": 0.9487711719956194
    },
    "logistic": {
      "params": [
        0.9999832533150682,
        9.999017671585394,
        4.893543579725937e-05
      ],
      "bic": -120.9810660867575,
      "residual_se": 2.816518267044855e-05,
      "converged": true,
      "weight": 1.0622635862134786e-14
    },
    "gompertz": {
      "params": [
        0.9999803071266123,
        0.003051604497529284,
        9.999967501580146
      ],
      "bic": -125.97657609166666,
      "residual_se": 1.9712725956887422e-05,
      "converged": true,
      "weight": 1.2911999753275587e-13
    },
    "shifted_logistic": {
      "params": [
        0.9999797884586562,
        9.726171805716598,
        3.074411845286764e-05,
        0.24999999999999994
      ],
      "bic": -117.74616241081362,
      "residual_se": 3.088150695299318e-05,
      "converged": true,
      "weight": 2.1075694097441757e-15
    },
    "unimodal": {
      "params": [
        0.07085776137120604,
        31.750128197732213,
        9953.400530887004,
        0.929142465395255
      ],
      "bic": -179.38973879380035,
      "residual_se": 1.2817292624358938e-07,
      "converged": true,
      "weight": 0.05122882800423877
    }
  },
  "best_fit_constrained": "constant",
  "unimodal_c_star_constrained": 31.750128197732213,
  "winner_flips": false
}