{
  "schema_version": "v6.0-pilot",
  "problem_id": "gpqa_diamond_0027",
  "subject": "chemistry",
  "c_star_bounds": [
    1.0,
    64.0
  ],
  "R_at_N": {
    "1": 0.21212121212121213,
    "2": 0.21212121212121213,
    "4": 0.157,
    "8": 0.075,
    "16": 0.017,
    "32": 0.0,
    "64": 0.0
  },
  "best_fit_unconstrained": "shifted_logistic",
  "fits": {
    "constant": {
      "params": [
        0.09617748917748917
      ],
      "bic": -12.011808528511711,
      "residual_se": 0.08928529817560128,
      "converged": true,
      "weight": 1.4346434049794222e-07
    },
    "logistic": {
      "params": [
        0.09617736082307363,
        9.999999999996044,
        2.7058185285601258e-11
      ],
      "bic": -8.119861216827562,
      "residual_se": 0.08928610821104604,
      "converged": true,
      "weight": 2.04936042611372e-08
    },
    "gompertz": {
      "params": [
        0.09617748916275153,
        0.00010000000000010391,
        9.999999999999998
      ],
      "bic": -8.119988217699273,
      "residual_se": 0.08928529825660735,
      "converged": true,
      "weight": 2.0494905655259105e-08
    },
    "shifted_logistic": {
      "params": [
        0.004060343939362369,
        0.3866493498087948,
        5.624454459116169,
        0.24999999999999997
      ],
      "bic": -43.138171058625666,
      "residual_se": 0.00636964975602571,
      "converged": true,
      "weight": 0.8236594973540252
    },
    "unimodal": {
      "params": [
        0.20405771426661934,
        1.0000000000000036,
        4.597674156435407,
        0.005705462907360046
      ],
      "bic": -40.055488140520694,
      "residual_se": 0.007938593525520107,
      "converged": true,
      "weight": 0.1763403181931243
    }
  },
  "best_fit_constrained": "shifted_logistic",
  "unimodal_c_star_constrained": 1.0000000000000036,
  "winner_flips": false
}