{
  "schema_version": "v6.0-pilot",
  "problem_id": "gpqa_diamond_0052",
  "subject": "chemistry",
  "c_star_bounds": [
    1.0,
    64.0
  ],
  "R_at_N": {
    "1": 0.12307692307692308,
    "2": 0.12115384615384615,
    "4": 0.082,
    "8": 0.042,
    "16": 0.011,
    "32": 0.0,
    "64": 0.0
  },
  "best_fit_unconstrained": "shifted_logistic",
  "fits": {
    "constant": {
      "params": [
        0.05417582417582418
      ],
      "bic": -19.974897900595312,
      "residual_se": 0.050554134995558345,
      "converged": true,
      "weight": 2.930714967074611e-07
    },
    "logistic": {
      "params": [
        0.05417572866273469,
        9.99999999999976,
        7.532253215422854e-14
      ],
      "bic": -16.08294498325835,
      "residual_se": 0.050554613887131644,
      "converged": true,
      "weight": 4.1864580556311754e-08
    },
    "gompertz": {
      "params": [
        0.054175824174294535,
        0.00010000000000191258,
        9.999999999999998
      ],
      "bic": -16.08307758922227,
      "residual_se": 0.05055413504344906,
      "converged": true,
      "weight": 4.186735639486331e-08
    },
    "shifted_logistic": {
      "params": [
        0.0007787713698853269,
        0.2337723898676646,
        1.188065167084361,
        0.24910525904056632
      ],
      "bic": -50.01974144918636,
      "residual_se": 0.0038962078834586474,
      "converged": true,
      "weight": 0.9797797599348896
    },
    "unimodal": {
      "params": [
        0.11510763444614143,
        1.0000000000000002,
        4.353898118944176,
        0.0041878395270870585
      ],
      "bic": -42.25841672797327,
      "residual_se": 0.0067827598711254445,
      "converged": true,
      "weight": 0.02021986326167686
    }
  },
  "best_fit_constrained": "shifted_logistic",
  "unimodal_c_star_constrained": 1.0000000000000002,
  "winner_flips": false
}