{
  "schema_version": "v6.0-pilot",
  "problem_id": "gpqa_diamond_0130",
  "subject": "chemistry",
  "c_star_bounds": [
    1.0,
    64.0
  ],
  "R_at_N": {
    "1": 0.26153846153846155,
    "2": 0.2668269230769231,
    "4": 0.249,
    "8": 0.229,
    "16": 0.165,
    "32": 0.078,
    "64": 0.0
  },
  "best_fit_unconstrained": "unimodal",
  "fits": {
    "constant": {
      "params": [
        0.17848076923076925
      ],
      "bic": -11.012914277244175,
      "residual_se": 0.0958885356220245,
      "converged": true,
      "weight": 4.331255019007381e-06
    },
    "logistic": {
      "params": [
        0.17848138806852198,
        9.999999999998986,
        9.235668239263148e-13
      ],
      "bic": -7.12094757945416,
      "residual_se": 0.09588953834518674,
      "converged": true,
      "weight": 6.187054262054192e-07
    },
    "gompertz": {
      "params": [
        0.17848076928039922,
        0.00010000000166696356,
        9.999999999999897
      ],
      "bic": -7.121093964493447,
      "residual_se": 0.09588853572229722,
      "converged": true,
      "weight": 6.18750712471768e-07
    },
    "shifted_logistic": {
      "params": [
        0.004411710230180649,
        0.1407959398598403,
        24.24574323874943,
        0.24999999999999997
      ],
      "bic": -28.873748862645662,
      "residual_se": 0.017644635234024635,
      "converged": true,
      "weight": 0.03273743932534814
    },
    "unimodal": {
      "params": [
        0.24998256318427317,
        1.0000000000000002,
        18.200385478384522,
        0.004825328594844294
      ],
      "bic": -35.64563859423453,
      "residual_se": 0.010877814793073414,
      "converged": true,
      "weight": 0.9672569919634941
    }
  },
  "best_fit_constrained": "unimodal",
  "unimodal_c_star_constrained": 1.0000000000000002,
  "winner_flips": false
}