{
  "schema_version": "v6.0-pilot",
  "problem_id": "gpqa_diamond_0101",
  "subject": "biology",
  "c_star_bounds": [
    1.0,
    64.0
  ],
  "R_at_N": {
    "1": 0.36923076923076925,
    "2": 0.37403846153846154,
    "4": 0.426,
    "8": 0.494,
    "16": 0.622,
    "32": 0.801,
    "64": 1.0
  },
  "best_fit_unconstrained": "logistic",
  "fits": {
    "constant": {
      "params": [
        0.5837527472527473
      ],
      "bic": 0.7374068925085862,
      "residual_se": 0.22195953369312807,
      "converged": true,
      "weight": 1.7203387435510255e-08
    },
    "logistic": {
      "params": [
        0.9999999999999999,
        0.06589379461793568,
        8.953870311479177
      ],
      "bic": -33.74134135490359,
      "residual_se": 0.014321188995343997,
      "converged": true,
      "weight": 0.5279332599438082
    },
    "gompertz": {
      "params": [
        0.9999999999999999,
        1.0688755037761895,
        0.05175766338921685
      ],
      "bic": -32.0154024400014,
      "residual_se": 0.01620016681732766,
      "converged": true,
      "weight": 0.2227389408023813
    },
    "shifted_logistic": {
      "params": [
        0.9999999999999999,
        0.06589379733261903,
        8.953870319544649,
        4.837456732827672e-12
      ],
      "bic": -31.795431205820897,
      "residual_se": 0.014321188995371999,
      "converged": true,
      "weight": 0.19954001637597324
    },
    "unimodal": {
      "params": [
        0.999999999999999,
        58.43007426565899,
        41.2167249019196,
        0.004401001632148511
      ],
      "bic": -29.018940176035407,
      "residual_se": 0.017462591708881182,
      "converged": true,
      "weight": 0.04978776567444994
    }
  },
  "best_fit_constrained": "logistic",
  "unimodal_c_star_constrained": 58.43007426565899,
  "winner_flips": false
}