{
  "schema_version": "v6.0-pilot",
  "problem_id": "gpqa_diamond_0121",
  "subject": "chemistry",
  "c_star_bounds": [
    1.0,
    64.0
  ],
  "R_at_N": {
    "1": 0.3611111111111111,
    "2": 0.3489827856025039,
    "4": 0.403,
    "8": 0.473,
    "16": 0.528,
    "32": 0.699,
    "64": 0.998
  },
  "best_fit_unconstrained": "unimodal",
  "fits": {
    "constant": {
      "params": [
        0.5444419852448021
      ],
      "bic": 0.3607807242837513,
      "residual_se": 0.21606800917888097,
      "converged": true,
      "weight": 1.8358715694748064e-06
    },
    "logistic": {
      "params": [
        0.9999999999999999,
        0.052300459186300365,
        12.461784748935774
      ],
      "bic": -22.795160122244653,
      "residual_se": 0.03129975520327364,
      "converged": true,
      "weight": 0.19592549957574368
    },
    "gompertz": {
      "params": [
        0.9999999999999999,
        1.1045186579069124,
        0.04048984354929327
      ],
      "bic": -20.331798963883692,
      "residual_se": 0.03732131626262969,
      "converged": true,
      "weight": 0.05717140744615588
    },
    "shifted_logistic": {
      "params": [
        0.9979999991106524,
        6.767631365466844,
        31.93992295156734,
        0.24999999999999997
      ],
      "bic": 1.7285508916436916,
      "residual_se": 0.1570101320015354,
      "converged": true,
      "weight": 9.264772899676855e-07
    },
    "unimodal": {
      "params": [
        0.7717227340550489,
        63.99999999999999,
        35.06935832505139,
        0.21690354480629256
      ],
      "bic": -25.471554656773442,
      "residual_se": 0.02249843286359651,
      "converged": true,
      "weight": 0.746900330629241
    }
  },
  "best_fit_constrained": "unimodal",
  "unimodal_c_star_constrained": 63.99999999999999,
  "winner_flips": false
}