{
  "schema_version": "v6.0-pilot",
  "problem_id": "gpqa_diamond_0082",
  "subject": "chemistry",
  "c_star_bounds": [
    1.0,
    64.0
  ],
  "R_at_N": {
    "1": 0.7538461538461538,
    "2": 0.7471153846153846,
    "4": 0.868,
    "8": 0.952,
    "16": 0.997,
    "32": 1.0,
    "64": 1.0
  },
  "best_fit_unconstrained": "gompertz",
  "fits": {
    "constant": {
      "params": [
        0.9025659340659341
      ],
      "bic": -9.683318617134468,
      "residual_se": 0.10544163195372176,
      "converged": true,
      "weight": 1.537701208789459e-05
    },
    "logistic": {
      "params": [
        0.9892618063527819,
        0.639708467021566,
        1.593697481022871e-26
      ],
      "bic": -16.956632376771555,
      "residual_se": 0.04749611758460099,
      "converged": true,
      "weight": 0.0005837837087243886
    },
    "gompertz": {
      "params": [
        0.9999999999999999,
        0.39930127035383434,
        0.2428601651051561
      ],
      "bic": -31.779706608883586,
      "residual_se": 0.016475212128046528,
      "converged": true,
      "weight": 0.966143515094397
    },
    "shifted_logistic": {
      "params": [
        0.9999999999999782,
        0.38979917410744547,
        4.261918476611225e-21,
        0.24999999999999997
      ],
      "bic": -25.033705374886807,
      "residual_se": 0.02321318891788253,
      "converged": true,
      "weight": 0.033125778056529796
    },
    "unimodal": {
      "params": [
        0.9999999999999999,
        42.24644594729461,
        51.6855698773984,
        0.07342580324017352
      ],
      "bic": -13.976286422586266,
      "residual_se": 0.051138428725701617,
      "converged": true,
      "weight": 0.0001315461282609482
    }
  },
  "best_fit_constrained": "gompertz",
  "unimodal_c_star_constrained": 42.24644594729461,
  "winner_flips": false
}