{
  "schema_version": "v6.0-pilot",
  "problem_id": "gpqa_diamond_0065",
  "subject": "physics",
  "c_star_bounds": [
    1.0,
    64.0
  ],
  "R_at_N": {
    "1": 0.7076923076923077,
    "2": 0.7139423076923077,
    "4": 0.807,
    "8": 0.901,
    "16": 0.98,
    "32": 1.0,
    "64": 1.0
  },
  "best_fit_unconstrained": "gompertz",
  "fits": {
    "constant": {
      "params": [
        0.8728049450549451
      ],
      "bic": -7.8260786808535965,
      "residual_se": 0.12039976049651192,
      "converged": true,
      "weight": 1.981014043112506e-07
    },
    "logistic": {
      "params": [
        0.9893448207922296,
        0.43794880756293303,
        5.063441613002246e-32
      ],
      "bic": -16.56660096777879,
      "residual_se": 0.04883793458801969,
      "converged": true,
      "weight": 1.566274413076002e-05
    },
    "gompertz": {
      "params": [
        0.9999999999999999,
        0.439364412843078,
        0.17679956038603062
      ],
      "bic": -38.6406096389045,
      "residual_se": 0.010092498790619143,
      "converged": true,
      "weight": 0.9731458455855684
    },
    "shifted_logistic": {
      "params": [
        0.9999999999999999,
        0.253803895274933,
        2.256202388484205e-25,
        0.24999999999999997
      ],
      "bic": -31.458454519935636,
      "residual_se": 0.014670078625709466,
      "converged": true,
      "weight": 0.026828275952066043
    },
    "unimodal": {
      "params": [
        0.9999999999999936,
        43.3295395779727,
        47.448797928048855,
        0.07970451872436209
      ],
      "bic": -15.672721605860684,
      "residual_se": 0.04530250381299543,
      "converged": true,
      "weight": 1.0017616830510635e-05
    }
  },
  "best_fit_constrained": "gompertz",
  "unimodal_c_star_constrained": 43.3295395779727,
  "winner_flips": false
}