{
  "schema_version": "v6.0-pilot",
  "problem_id": "gpqa_diamond_0164",
  "subject": "chemistry",
  "c_star_bounds": [
    1.0,
    64.0
  ],
  "R_at_N": {
    "1": 0.4,
    "2": 0.4043269230769231,
    "4": 0.44,
    "8": 0.462,
    "16": 0.525,
    "32": 0.598,
    "64": 1.0
  },
  "best_fit_unconstrained": "unimodal",
  "fits": {
    "constant": {
      "params": [
        0.5470467032967032
      ],
      "bic": -1.0033830666116241,
      "residual_se": 0.1960075040875122,
      "converged": true,
      "weight": 1.6630013868182188e-05
    },
    "logistic": {
      "params": [
        0.9999999999999999,
        0.04115461058814512,
        12.31714608122663
      ],
      "bic": -14.860763032858848,
      "residual_se": 0.05516633675039202,
      "converged": true,
      "weight": 0.016981828001984625
    },
    "gompertz": {
      "params": [
        0.9999999999999999,
        0.9951822810238016,
        0.031839340955518165
      ],
      "bic": -13.335869938423226,
      "residual_se": 0.06151455792898625,
      "converged": true,
      "weight": 0.00792242451058691
    },
    "shifted_logistic": {
      "params": [
        0.9999999999999999,
        0.055367590536714785,
        26.86250599914791,
        0.24999999999999997
      ],
      "bic": -15.526345106302998,
      "residual_se": 0.04577864733549406,
      "converged": true,
      "weight": 0.023687201187648103
    },
    "unimodal": {
      "params": [
        0.5784808396028506,
        63.99999999999999,
        22.545791585898964,
        0.4159304570051292
      ],
      "bic": -22.91232754493727,
      "residual_se": 0.027011091902212493,
      "converged": true,
      "weight": 0.9513919162859121
    }
  },
  "best_fit_constrained": "unimodal",
  "unimodal_c_star_constrained": 63.99999999999999,
  "winner_flips": false
}