{
  "schema_version": "v6.0-pilot",
  "problem_id": "gpqa_diamond_0098",
  "subject": "chemistry",
  "c_star_bounds": [
    1.0,
    64.0
  ],
  "R_at_N": {
    "1": 0.13846153846153847,
    "2": 0.14182692307692307,
    "4": 0.1,
    "8": 0.049,
    "16": 0.032,
    "32": 0.0,
    "64": 0.0
  },
  "best_fit_unconstrained": "shifted_logistic",
  "fits": {
    "constant": {
      "params": [
        0.06589835164835164
      ],
      "bic": -18.42832030592888,
      "residual_se": 0.0564589920622733,
      "converged": true,
      "weight": 3.880603119371094e-05
    },
    "logistic": {
      "params": [
        0.06589830839944531,
        9.999999999999964,
        2.4914924006173915e-13
      ],
      "bic": -14.536363795788851,
      "residual_se": 0.05645954137879463,
      "converged": true,
      "weight": 5.543341194225345e-06
    },
    "gompertz": {
      "params": [
        0.06589835165434761,
        0.00010000000000127039,
        9.999999999999998
      ],
      "bic": -14.536499994196578,
      "residual_se": 0.056458992117206584,
      "converged": true,
      "weight": 5.543718704201334e-06
    },
    "shifted_logistic": {
      "params": [
        0.004755487829368246,
        0.22120843440672988,
        2.2048110813941832,
        0.24999999999999997
      ],
      "bic": -38.315558364976,
      "residual_se": 0.008989136745181439,
      "converged": true,
      "weight": 0.8079009207979522
    },
    "unimodal": {
      "params": [
        0.12727056344035764,
        1.000000000000001,
        4.28946981480117,
        0.010944573693655557
      ],
      "bic": -35.442182542283234,
      "residual_se": 0.011037051712651973,
      "converged": true,
      "weight": 0.19204918611095553
    }
  },
  "best_fit_constrained": "shifted_logistic",
  "unimodal_c_star_constrained": 1.000000000000001,
  "winner_flips": false
}