{
  "schema_version": "v6.0-pilot",
  "problem_id": "gpqa_diamond_0178",
  "subject": "physics",
  "c_star_bounds": [
    1.0,
    64.0
  ],
  "R_at_N": {
    "1": 0.3076923076923077,
    "2": 0.30240384615384613,
    "4": 0.209,
    "8": 0.129,
    "16": 0.04,
    "32": 0.0,
    "64": 0.0
  },
  "best_fit_unconstrained": "unimodal",
  "fits": {
    "constant": {
      "params": [
        0.14115659340749723
      ],
      "bic": -7.352948537698959,
      "residual_se": 0.12453820718763751,
      "converged": true,
      "weight": 5.6216282408837796e-05
    },
    "logistic": {
      "params": [
        0.1411564287141581,
        9.999999999999568,
        7.175094720605001e-13
      ],
      "bic": -3.4609906162992807,
      "residual_se": 0.12453943143348953,
      "converged": true,
      "weight": 8.030344886726621e-06
    },
    "gompertz": {
      "params": [
        0.14115659340951986,
        0.00010000000000039666,
        9.999999999999998
      ],
      "bic": -3.4611282258255045,
      "residual_se": 0.12453820731006592,
      "converged": true,
      "weight": 8.030897431712906e-06
    },
    "shifted_logistic": {
      "params": [
        0.013230710969551104,
        0.7535207372955943,
        7.9074120982866996,
        0.24999999999999997
      ],
      "bic": -19.420862549259354,
      "residual_se": 0.03466179076847795,
      "converged": true,
      "weight": 0.02346261173809445
    },
    "unimodal": {
      "params": [
        0.28139242675922965,
        1.0000000000000002,
        4.971378535771342,
        0.01271532599733892
      ],
      "bic": -26.87792426220586,
      "residual_se": 0.020348163954685246,
      "converged": true,
      "weight": 0.9764651107371782
    }
  },
  "best_fit_constrained": "unimodal",
  "unimodal_c_star_constrained": 1.0000000000000002,
  "winner_flips": false
}