{
  "schema_version": "v6.0-pilot",
  "problem_id": "gpqa_diamond_0030",
  "subject": "chemistry",
  "c_star_bounds": [
    1.0,
    64.0
  ],
  "R_at_N": {
    "1": 0.12121212121212122,
    "2": 0.12074592074592075,
    "4": 0.054,
    "8": 0.016,
    "16": 0.002,
    "32": 0.0,
    "64": 0.0
  },
  "best_fit_unconstrained": "unimodal",
  "fits": {
    "constant": {
      "params": [
        0.04485114885120157
      ],
      "bic": -19.79088062800106,
      "residual_se": 0.05122300938424166,
      "converged": true,
      "weight": 7.822434082581109e-07
    },
    "logistic": {
      "params": [
        0.044850944470022074,
        9.999999999998433,
        5.223736833954854e-13
      ],
      "bic": -15.89894180717199,
      "residual_se": 0.05122344303538576,
      "converged": true,
      "weight": 1.1174243611772178e-07
    },
    "gompertz": {
      "params": [
        0.044851148840290844,
        0.00010000000000015621,
        9.999999999999998
      ],
      "bic": -15.89906031803767,
      "residual_se": 0.051223009427608386,
      "converged": true,
      "weight": 1.1174905766031974e-07
    },
    "shifted_logistic": {
      "params": [
        0.004499485184243564,
        2.777942783896138,
        3.8894270500802404,
        0.12130293984913673
      ],
      "bic": -46.37039785881804,
      "residual_se": 0.0050564827952172195,
      "converged": true,
      "weight": 0.4623924610715215
    },
    "unimodal": {
      "params": [
        0.12059851368897838,
        1.4607280399528537,
        1.919057218326331,
        0.004320073421601788
      ],
      "bic": -46.671823715495485,
      "residual_se": 0.004948778228115624,
      "converged": true,
      "weight": 0.5376065331935764
    }
  },
  "best_fit_constrained": "unimodal",
  "unimodal_c_star_constrained": 1.4607280399528537,
  "winner_flips": false
}