{
  "schema_version": "v6.0-pilot",
  "problem_id": "gpqa_diamond_0079",
  "subject": "biology",
  "c_star_bounds": [
    1.0,
    64.0
  ],
  "R_at_N": {
    "1": 0.1076923076923077,
    "2": 0.10865384615384616,
    "4": 0.06,
    "8": 0.027,
    "16": 0.003,
    "32": 0.0,
    "64": 0.0
  },
  "best_fit_unconstrained": "shifted_logistic",
  "fits": {
    "constant": {
      "params": [
        0.043763736263838164
      ],
      "bic": -21.525953569959476,
      "residual_se": 0.04525237032116232,
      "converged": true,
      "weight": 6.082757111976014e-06
    },
    "logistic": {
      "params": [
        0.043763605463942104,
        9.999999999999998,
        3.4203122250446173e-16
      ],
      "bic": -17.63400921667091,
      "residual_se": 0.04525277130799978,
      "converged": true,
      "weight": 8.689114035598994e-07
    },
    "gompertz": {
      "params": [
        0.0437637362495942,
        0.00010000000250506022,
        9.999999999998153
      ],
      "bic": -17.63413325944284,
      "residual_se": 0.0452523703612624,
      "converged": true,
      "weight": 8.689652963206634e-07
    },
    "shifted_logistic": {
      "params": [
        0.0006816521349364368,
        0.33935422425195655,
        2.3059377682802125,
        0.18557274619616781
      ],
      "bic": -45.28396067843801,
      "residual_se": 0.0054645064014082635,
      "converged": true,
      "weight": 0.8771748460089203
    },
    "unimodal": {
      "params": [
        0.10357238315196807,
        1.0000000000000002,
        3.291264414582135,
        0.0035309594262310996
      ],
      "bic": -41.35194431055364,
      "residual_se": 0.007236459804854684,
      "converged": true,
      "weight": 0.12281733335726791
    }
  },
  "best_fit_constrained": "shifted_logistic",
  "unimodal_c_star_constrained": 1.0000000000000002,
  "winner_flips": false
}