{
  "schema_version": "v6.0-pilot",
  "problem_id": "gpqa_diamond_0077",
  "subject": "physics",
  "c_star_bounds": [
    1.0,
    64.0
  ],
  "R_at_N": {
    "1": 0.9538461538461539,
    "2": 0.9548076923076924,
    "4": 0.997,
    "8": 1.0,
    "16": 1.0,
    "32": 1.0,
    "64": 1.0
  },
  "best_fit_unconstrained": "gompertz",
  "fits": {
    "constant": {
      "params": [
        0.9865219780209795
      ],
      "bic": -32.68772287155377,
      "residual_se": 0.020388801738310036,
      "converged": true,
      "weight": 0.002168137905007732
    },
    "logistic": {
      "params": [
        0.992871297639947,
        3.1065004042243,
        1.8034905032722664e-18
      ],
      "bic": -33.27609937565427,
      "residual_se": 0.014805100628144593,
      "converged": true,
      "weight": 0.0029097202511172214
    },
    "gompertz": {
      "params": [
        0.9999999999999999,
        0.0848152186173063,
        0.4702134006300575
      ],
      "bic": -44.93973656510314,
      "residual_se": 0.0064356626800562335,
      "converged": true,
      "weight": 0.9921512224473683
    },
    "shifted_logistic": {
      "params": [
        0.9932886081696454,
        2.75360281400051,
        1.0432246570926884e-14,
        0.24999999999999997
      ],
      "bic": -31.59034446691431,
      "residual_se": 0.014532525005722408,
      "converged": true,
      "weight": 0.001252547513961041
    },
    "unimodal": {
      "params": [
        0.9999999861663266,
        40.42206528271986,
        130.8760579767895,
        0.013687488893334385
      ],
      "bic": -31.975262751571748,
      "residual_se": 0.014138408174606296,
      "converged": true,
      "weight": 0.0015183718825455181
    }
  },
  "best_fit_constrained": "gompertz",
  "unimodal_c_star_constrained": 40.42206528271986,
  "winner_flips": false
}