{
  "schema_version": "v6.0-pilot",
  "problem_id": "gpqa_diamond_0080",
  "subject": "chemistry",
  "c_star_bounds": [
    1.0,
    64.0
  ],
  "R_at_N": {
    "1": 0.6307692307692307,
    "2": 0.625,
    "4": 0.767,
    "8": 0.893,
    "16": 0.972,
    "32": 1.0,
    "64": 1.0
  },
  "best_fit_unconstrained": "gompertz",
  "fits": {
    "constant": {
      "params": [
        0.84110989010989
      ],
      "bic": -4.3488912611853685,
      "residual_se": 0.1543446476468015,
      "converged": true,
      "weight": 1.1608197882623902e-06
    },
    "logistic": {
      "params": [
        0.9992827172297707,
        0.28838666505869376,
        3.1213797601178115e-27
      ],
      "bic": -25.930752576293713,
      "residual_se": 0.025019096341961523,
      "converged": true,
      "weight": 0.05639056448283931
    },
    "gompertz": {
      "params": [
        0.9999999999999999,
        0.6143603536078323,
        0.20078466297145922
      ],
      "bic": -30.589556157930538,
      "residual_se": 0.017937037380557005,
      "converged": true,
      "weight": 0.5792323190173948
    },
    "shifted_logistic": {
      "params": [
        0.9966124359018166,
        0.26708853194335225,
        1.278109047316372,
        0.24999999999998776
      ],
      "bic": -29.66238376017965,
      "residual_se": 0.01667817069445731,
      "converged": true,
      "weight": 0.3643509093937872
    },
    "unimodal": {
      "params": [
        0.9999999999999999,
        43.39187833782555,
        41.36571396310707,
        0.10171212957062073
      ],
      "bic": -10.492089443460234,
      "residual_se": 0.06558896446821347,
      "converged": true,
      "weight": 2.5046286190465566e-05
    }
  },
  "best_fit_constrained": "gompertz",
  "unimodal_c_star_constrained": 43.39187833782555,
  "winner_flips": false
}