{
  "schema_version": "v6.0-pilot",
  "problem_id": "gpqa_diamond_0026",
  "subject": "biology",
  "c_star_bounds": [
    1.0,
    64.0
  ],
  "R_at_N": {
    "1": 0.4090909090909091,
    "2": 0.4027972027972028,
    "4": 0.429,
    "8": 0.419,
    "16": 0.394,
    "32": 0.333,
    "64": 0.0
  },
  "best_fit_unconstrained": "unimodal",
  "fits": {
    "constant": {
      "params": [
        0.340984015984016
      ],
      "bic": -5.501614579563496,
      "residual_se": 0.1421454307521318,
      "converged": true,
      "weight": 8.024533568631929e-05
    },
    "logistic": {
      "params": [
        0.3409857856722148,
        9.999999999998726,
        1.1476994836509405e-12
      ],
      "bic": -1.6096899093974706,
      "residual_se": 0.1421464904711372,
      "converged": true,
      "weight": 1.1463021158610846e-05
    },
    "gompertz": {
      "params": [
        0.3409840161689403,
        0.00010000000000505092,
        9.999999999999966
      ],
      "bic": -1.6097942710161917,
      "residual_se": 0.14214543085809797,
      "converged": true,
      "weight": 1.1463619323938859e-05
    },
    "shifted_logistic": {
      "params": [
        5.1235626292629804e-05,
        5.411381810337929,
        52.22752649786665,
        0.24999999999999997
      ],
      "bic": 0.10705417787230953,
      "residual_se": 0.13983863412780503,
      "converged": true,
      "weight": 4.85861908823482e-06
    },
    "unimodal": {
      "params": [
        0.43308278324994076,
        10.980227372384146,
        24.42893586863788,
        1.9315588803802928e-31
      ],
      "bic": -24.36224234656587,
      "residual_se": 0.024353662523584892,
      "converged": true,
      "weight": 0.9998919694047429
    }
  },
  "best_fit_constrained": "unimodal",
  "unimodal_c_star_constrained": 10.980227372384146,
  "winner_flips": false
}