{
  "schema_version": "v6.0-pilot",
  "problem_id": "gpqa_diamond_0075",
  "subject": "biology",
  "c_star_bounds": [
    1.0,
    64.0
  ],
  "R_at_N": {
    "1": 0.5384615384615384,
    "2": 0.5365384615384615,
    "4": 0.579,
    "8": 0.635,
    "16": 0.712,
    "32": 0.825,
    "64": 1.0
  },
  "best_fit_unconstrained": "unimodal",
  "fits": {
    "constant": {
      "params": [
        0.6894285714285717
      ],
      "bic": -3.9447396376637105,
      "residual_se": 0.1588652004500043,
      "converged": true,
      "weight": 5.130637954061809e-07
    },
    "logistic": {
      "params": [
        0.9999999999999999,
        0.056182432068778196,
        1.2233162290309359e-21
      ],
      "bic": -27.31444167780208,
      "residual_se": 0.022664604878698685,
      "converged": true,
      "weight": 0.060930913518179176
    },
    "gompertz": {
      "params": [
        0.9999999999999999,
        0.6596017851833736,
        0.043181411251645846
      ],
      "bic": -30.06243449020719,
      "residual_se": 0.018625269803428327,
      "converged": true,
      "weight": 0.2407447065880734
    },
    "shifted_logistic": {
      "params": [
        0.9999999999999999,
        0.05624933431865234,
        5.881205296311222,
        0.19000604974164356
      ],
      "bic": -29.665139096214347,
      "residual_se": 0.016674888591392285,
      "converged": true,
      "weight": 0.19737182104289636
    },
    "unimodal": {
      "params": [
        0.9911849379030357,
        63.99999999999999,
        57.43628365924367,
        4.594089081903824e-11
      ],
      "bic": -31.527981122703977,
      "residual_se": 0.014597404892906828,
      "converged": true,
      "weight": 0.5009520457870557
    }
  },
  "best_fit_constrained": "unimodal",
  "unimodal_c_star_constrained": 63.99999999999999,
  "winner_flips": false
}