{
  "schema_version": "v6.0-pilot",
  "problem_id": "gpqa_diamond_0012",
  "subject": "chemistry",
  "c_star_bounds": [
    1.0,
    64.0
  ],
  "R_at_N": {
    "1": 0.8636363636363636,
    "2": 0.862004662004662,
    "4": 0.974,
    "8": 1.0,
    "16": 1.0,
    "32": 1.0,
    "64": 1.0
  },
  "best_fit_unconstrained": "gompertz",
  "fits": {
    "constant": {
      "params": [
        0.9570915750911532
      ],
      "bic": -17.51425089228538,
      "residual_se": 0.06026823865485279,
      "converged": true,
      "weight": 0.0008693388720899148
    },
    "logistic": {
      "params": [
        0.9870527873489472,
        1.562734061851082,
        1.3332085854733622e-23
      ],
      "bic": -20.12915976527031,
      "residual_se": 0.03786544192101054,
      "converged": true,
      "weight": 0.003213729700539426
    },
    "gompertz": {
      "params": [
        0.9999999999999999,
        0.25188418531521006,
        0.4162825332245931
      ],
      "bic": -31.58956378283306,
      "residual_se": 0.016700498787502797,
      "converged": true,
      "weight": 0.9899299389815576
    },
    "shifted_logistic": {
      "params": [
        0.9955675933700845,
        1.07335568005105,
        2.811519077761332e-26,
        0.24999999999999997
      ],
      "bic": -21.050155388255533,
      "residual_se": 0.0308537990841472,
      "converged": true,
      "weight": 0.005093320495907867
    },
    "unimodal": {
      "params": [
        0.9999999999999999,
        40.80853254677523,
        73.56632296278524,
        0.04127748903044943
      ],
      "bic": -17.569462403866204,
      "residual_se": 0.03956246507801441,
      "converged": true,
      "weight": 0.0008936719499053652
    }
  },
  "best_fit_constrained": "gompertz",
  "unimodal_c_star_constrained": 40.80853254677523,
  "winner_flips": false
}