{
  "schema_version": "v6.0-pilot",
  "problem_id": "gpqa_diamond_0047",
  "subject": "chemistry",
  "c_star_bounds": [
    1.0,
    64.0
  ],
  "R_at_N": {
    "1": 0.2923076923076923,
    "2": 0.29423076923076924,
    "4": 0.28,
    "8": 0.294,
    "16": 0.262,
    "32": 0.21,
    "64": 0.0
  },
  "best_fit_unconstrained": "unimodal",
  "fits": {
    "constant": {
      "params": [
        0.2332197802197802
      ],
      "bic": -10.540560887516069,
      "residual_se": 0.0991789661917432,
      "converged": true,
      "weight": 4.569331770862861e-05
    },
    "logistic": {
      "params": [
        0.23322090953150537,
        9.99999999999675,
        2.2611265059020513e-13
      ],
      "bic": -6.648613373166324,
      "residual_se": 0.09917986742262921,
      "converged": true,
      "weight": 6.5272016192926e-06
    },
    "gompertz": {
      "params": [
        0.23321978032387816,
        0.0001000000000228815,
        9.999999999999998
      ],
      "bic": -6.648740576684176,
      "residual_se": 0.09917896628186336,
      "converged": true,
      "weight": 6.527616773998598e-06
    },
    "shifted_logistic": {
      "params": [
        3.2513702120641426e-07,
        0.8901808324213671,
        33.8627600836557,
        0.24999999999999997
      ],
      "bic": -20.984698800793353,
      "residual_se": 0.03099839287119003,
      "converged": true,
      "weight": 0.008467757740548016
    },
    "unimodal": {
      "params": [
        0.2941462773041253,
        7.929429948222701,
        25.516004998266762,
        9.261104781459914e-27
      ],
      "bic": -30.51055174168704,
      "residual_se": 0.015697748478692475,
      "converged": true,
      "weight": 0.99147349412335
    }
  },
  "best_fit_constrained": "unimodal",
  "unimodal_c_star_constrained": 7.929429948222701,
  "winner_flips": false
}