{
  "schema_version": "v6.0-pilot",
  "problem_id": "gpqa_diamond_0092",
  "subject": "biology",
  "c_star_bounds": [
    1.0,
    64.0
  ],
  "R_at_N": {
    "1": 0.15384615384615385,
    "2": 0.16298076923076923,
    "4": 0.065,
    "8": 0.019,
    "16": 0.0,
    "32": 0.0,
    "64": 0.0
  },
  "best_fit_unconstrained": "unimodal",
  "fits": {
    "constant": {
      "params": [
        0.057260989010989014
      ],
      "bic": -15.93391367003925,
      "residual_se": 0.06747023063617598,
      "converged": true,
      "weight": 1.0028750659238686e-06
    },
    "logistic": {
      "params": [
        0.05726073394088904,
        9.999999999999183,
        2.3666941935875395e-13
      ],
      "bic": -12.041983057085648,
      "residual_se": 0.06747076227883471,
      "converged": true,
      "weight": 1.4325996449238205e-07
    },
    "gompertz": {
      "params": [
        0.05726098897105263,
        0.0001000000000000027,
        9.999999999999998
      ],
      "bic": -12.04209336089669,
      "residual_se": 0.0674702306893422,
      "converged": true,
      "weight": 1.4326786577029192e-07
    },
    "shifted_logistic": {
      "params": [
        7.86056705886874e-05,
        8.227633856546973,
        60.34176350523951,
        0.0668044802819566
      ],
      "bic": -10.99136878972029,
      "residual_se": 0.06329109543244704,
      "converged": true,
      "weight": 8.472017607850907e-08
    },
    "unimodal": {
      "params": [
        0.16143316976144756,
        1.6613068252564378,
        1.6694078382990791,
        0.0046858788265424925
      ],
      "bic": -43.55919015606664,
      "residual_se": 0.006180948211876978,
      "converged": true,
      "weight": 0.9999986258769278
    }
  },
  "best_fit_constrained": "unimodal",
  "unimodal_c_star_constrained": 1.6613068252564378,
  "winner_flips": false
}