{
  "schema_version": "v6.0-pilot",
  "problem_id": "gpqa_diamond_0151",
  "subject": "biology",
  "c_star_bounds": [
    1.0,
    64.0
  ],
  "R_at_N": {
    "1": 0.4461538461538462,
    "2": 0.42980769230769234,
    "4": 0.463,
    "8": 0.525,
    "16": 0.524,
    "32": 0.558,
    "64": 0.8
  },
  "best_fit_unconstrained": "unimodal",
  "fits": {
    "constant": {
      "params": [
        0.5351373626373627
      ],
      "bic": -8.278786056347984,
      "residual_se": 0.11656875872292749,
      "converged": true,
      "weight": 0.00020749780573005986
    },
    "logistic": {
      "params": [
        0.9999999999999999,
        0.022720118745607868,
        11.280899738355918
      ],
      "bic": -23.07546725549779,
      "residual_se": 0.030679305472342763,
      "converged": true,
      "weight": 0.33890034120459284
    },
    "gompertz": {
      "params": [
        0.9999999999999999,
        0.8364881761050376,
        0.017506791374886498
      ],
      "bic": -22.176885987456465,
      "residual_se": 0.03271300530985816,
      "converged": true,
      "weight": 0.2162457411236266
    },
    "shifted_logistic": {
      "params": [
        0.9999999999999998,
        0.030192486760325838,
        35.30294785689099,
        0.24999999999999997
      ],
      "bic": -22.45652342372434,
      "residual_se": 0.027904976164303343,
      "converged": true,
      "weight": 0.2486967218364311
    },
    "unimodal": {
      "params": [
        0.3368480537368229,
        63.99999999999999,
        22.692654757441197,
        0.45815121934351744
      ],
      "bic": -21.9797710518446,
      "residual_se": 0.028871610333850703,
      "converged": true,
      "weight": 0.19594969802961934
    }
  },
  "best_fit_constrained": "logistic",
  "unimodal_c_star_constrained": 63.99999999999999,
  "winner_flips": true
}