{
  "schema_version": "v6.0-pilot",
  "problem_id": "gpqa_diamond_0106",
  "subject": "biology",
  "c_star_bounds": [
    1.0,
    64.0
  ],
  "R_at_N": {
    "1": 0.2923076923076923,
    "2": 0.29759615384615384,
    "4": 0.247,
    "8": 0.213,
    "16": 0.118,
    "32": 0.014,
    "64": 0.0
  },
  "best_fit_unconstrained": "unimodal",
  "fits": {
    "constant": {
      "params": [
        0.16884340659352015
      ],
      "bic": -8.291259558110907,
      "residual_se": 0.11646494636082398,
      "converged": true,
      "weight": 6.249493466509801e-06
    },
    "logistic": {
      "params": [
        0.1688437007269785,
        9.999999999997637,
        1.6160607072923487e-11
      ],
      "bic": -4.399299709940568,
      "residual_se": 0.11646610727305415,
      "converged": true,
      "weight": 8.927224890184615e-07
    },
    "gompertz": {
      "params": [
        0.16884340660436467,
        0.0001000000000088104,
        9.999999999999998
      ],
      "bic": -4.399439246044935,
      "residual_se": 0.1164649464769175,
      "converged": true,
      "weight": 8.927847747004108e-07
    },
    "shifted_logistic": {
      "params": [
        0.006902973071027452,
        0.3504832987015243,
        15.405947151677486,
        0.24999999999999997
      ],
      "bic": -23.198801558524472,
      "residual_se": 0.026463995883640134,
      "converged": true,
      "weight": 0.0107888817506291
    },
    "unimodal": {
      "params": [
        0.27461136736237396,
        1.0000000000001017,
        10.773769955347449,
        0.005539733297990609
      ],
      "bic": -32.2355685909715,
      "residual_se": 0.013877957691007588,
      "converged": true,
      "weight": 0.9892030832486407
    }
  },
  "best_fit_constrained": "unimodal",
  "unimodal_c_star_constrained": 1.0000000000001017,
  "winner_flips": false
}