{
  "schema_version": "v6.0-pilot",
  "problem_id": "gpqa_diamond_0167",
  "subject": "biology",
  "c_star_bounds": [
    1.0,
    64.0
  ],
  "R_at_N": {
    "1": 0.015384615384615385,
    "2": 0.014903846153846155,
    "4": 0.003,
    "8": 0.0,
    "16": 0.0,
    "32": 0.0,
    "64": 0.0
  },
  "best_fit_unconstrained": "unimodal",
  "fits": {
    "constant": {
      "params": [
        0.004755494505494506
      ],
      "bic": -48.3740094571852,
      "residual_se": 0.00664946748423769,
      "converged": true,
      "weight": 3.5505518015988777e-29
    },
    "logistic": {
      "params": [
        0.009494562089952254,
        0.00010000000000000002,
        0.0011064807027265644
      ],
      "bic": -44.47631484274439,
      "residual_se": 0.006652258146485758,
      "converged": true,
      "weight": 5.05734081360742e-30
    },
    "gompertz": {
      "params": [
        0.00475549665805209,
        0.00010000000004797924,
        9.999999999999904
      ],
      "bic": -44.48218914869322,
      "residual_se": 0.00664946748916844,
      "converged": true,
      "weight": 5.0722168330987845e-30
    },
    "shifted_logistic": {
      "params": [
        1.5145553041409802e-05,
        2.379720647275211,
        3.400360944211106,
        0.015435403817779268
      ],
      "bic": -131.5746386921109,
      "residual_se": 1.1500715127665196e-05,
      "converged": true,
      "weight": 4.140787437510889e-11
    },
    "unimodal": {
      "params": [
        0.016161323936105133,
        1.4381323992140382,
        1.3959462908313378,
        1.8667077434917013e-08
      ],
      "bic": -179.38973879380035,
      "residual_se": 1.0499917831891228e-07,
      "converged": true,
      "weight": 0.9999999999585922
    }
  },
  "best_fit_constrained": "unimodal",
  "unimodal_c_star_constrained": 1.4381323992140382,
  "winner_flips": false
}