{
  "schema_version": "v6.0-pilot",
  "problem_id": "gpqa_diamond_0131",
  "subject": "chemistry",
  "c_star_bounds": [
    1.0,
    64.0
  ],
  "R_at_N": {
    "1": 0.03076923076923077,
    "2": 0.03028846153846154,
    "4": 0.001,
    "8": 0.0,
    "16": 0.0,
    "32": 0.0,
    "64": 0.0
  },
  "best_fit_unconstrained": "unimodal",
  "fits": {
    "constant": {
      "params": [
        0.008865384620586537
      ],
      "bic": -38.24790527828821,
      "residual_se": 0.013705948415852948,
      "converged": true,
      "weight": 2.246157829125411e-31
    },
    "logistic": {
      "params": [
        0.01769998597453588,
        0.00010000000000000002,
        0.0035699782735454377
      ],
      "bic": -34.35122627806487,
      "residual_se": 0.013710705892812808,
      "converged": true,
      "weight": 3.2010110657050017e-32
    },
    "gompertz": {
      "params": [
        0.0088653870566357,
        0.00010000000001966018,
        9.999999999999998
      ],
      "bic": -34.356084970790846,
      "residual_se": 0.01370594842504253,
      "converged": true,
      "weight": 3.208796883690512e-32
    },
    "shifted_logistic": {
      "params": [
        1.9435424565820566e-05,
        3.766004876134293,
        3.0936463806898327,
        0.030780804720840806
      ],
      "bic": -128.14615626018994,
      "residual_se": 1.4691966102257209e-05,
      "converged": true,
      "weight": 7.457571679665248e-12
    },
    "unimodal": {
      "params": [
        0.03514751856877946,
        1.4860191492500079,
        0.9422131767412745,
        3.5812149003417054e-13
      ],
      "bic": -179.38973879380035,
      "residual_se": 1.948684157595316e-12,
      "converged": true,
      "weight": 0.9999999999925424
    }
  },
  "best_fit_constrained": "unimodal",
  "unimodal_c_star_constrained": 1.4860191492500079,
  "winner_flips": false
}