{
  "schema_version": "v6.0-pilot",
  "problem_id": "gpqa_diamond_0029",
  "subject": "chemistry",
  "c_star_bounds": [
    1.0,
    64.0
  ],
  "R_at_N": {
    "1": 0.04225352112676056,
    "2": 0.03943661971830986,
    "4": 0.015,
    "8": 0.002,
    "16": 0.0,
    "32": 0.0,
    "64": 0.0
  },
  "best_fit_unconstrained": "unimodal",
  "fits": {
    "constant": {
      "params": [
        0.014098591560943924
      ],
      "bic": -34.71506812601379,
      "residual_se": 0.01764011271708022,
      "converged": true,
      "weight": 7.18585272302582e-10
    },
    "logistic": {
      "params": [
        0.014098500378724132,
        9.999999999999893,
        2.951276282888338e-14
      ],
      "bic": -30.823132000502753,
      "residual_se": 0.017640258661141012,
      "converged": true,
      "weight": 1.0264909393937042e-10
    },
    "gompertz": {
      "params": [
        0.01409859168784862,
        0.00010000000000011105,
        9.999999999999998
      ],
      "bic": -30.823247816319913,
      "residual_se": 0.01764011273167521,
      "converged": true,
      "weight": 1.0265503830582935e-10
    },
    "shifted_logistic": {
      "params": [
        0.0004812088108643225,
        1.4813424232493044,
        3.5523630036328315,
        0.04326537840671938
      ],
      "bic": -75.38535976139737,
      "residual_se": 0.0006364648178461704,
      "converged": true,
      "weight": 0.4874386128880512
    },
    "unimodal": {
      "params": [
        0.042153392112941064,
        1.2455541295016723,
        1.8899995596331676,
        0.00047418259003294906
      ],
      "bic": -75.48587200447652,
      "residual_se": 0.0006319117170252334,
      "converged": true,
      "weight": 0.5125613861880595
    }
  },
  "best_fit_constrained": "unimodal",
  "unimodal_c_star_constrained": 1.2455541295016723,
  "winner_flips": false
}