{
  "schema_version": "v6.0-pilot",
  "problem_id": "gpqa_diamond_0043",
  "subject": "biology",
  "c_star_bounds": [
    1.0,
    64.0
  ],
  "R_at_N": {
    "1": 0.49230769230769234,
    "2": 0.48221153846153847,
    "4": 0.51,
    "8": 0.527,
    "16": 0.556,
    "32": 0.579,
    "64": 1.0
  },
  "best_fit_unconstrained": "unimodal",
  "fits": {
    "constant": {
      "params": [
        0.5923598901098901
      ],
      "bic": -3.046032271031761,
      "residual_se": 0.1693977381590277,
      "converged": true,
      "weight": 6.655850242713512e-06
    },
    "logistic": {
      "params": [
        0.9999999999999999,
        0.03315945263387384,
        5.722042246238008
      ],
      "bic": -11.487087898518709,
      "residual_se": 0.07019869499791646,
      "converged": true,
      "weight": 0.00045305975098630945
    },
    "gompertz": {
      "params": [
        0.9999999999999999,
        0.7977319876800002,
        0.02626113832174307
      ],
      "bic": -10.638850874438766,
      "residual_se": 0.07458340877155674,
      "converged": true,
      "weight": 0.00029645798505457304
    },
    "shifted_logistic": {
      "params": [
        0.9999806683199927,
        7.25679119547851,
        32.0339722003589,
        0.24999999999999997
      ],
      "bic": 6.690648199212798,
      "residual_se": 0.22379844781788683,
      "converged": true,
      "weight": 5.115760939114451e-08
    },
    "unimodal": {
      "params": [
        0.4895961326069112,
        63.99999999999998,
        16.70419767408428,
        0.5096341269230368
      ],
      "bic": -26.884547957961253,
      "residual_se": 0.0203385390854995,
      "converged": true,
      "weight": 0.9992437752561071
    }
  },
  "best_fit_constrained": "unimodal",
  "unimodal_c_star_constrained": 63.99999999999998,
  "winner_flips": false
}