{
  "schema_version": "v6.0-pilot",
  "problem_id": "gpqa_diamond_0090",
  "subject": "chemistry",
  "c_star_bounds": [
    1.0,
    64.0
  ],
  "R_at_N": {
    "1": 0.06153846153846154,
    "2": 0.061057692307692306,
    "4": 0.026,
    "8": 0.005,
    "16": 0.0,
    "32": 0.0,
    "64": 0.0
  },
  "best_fit_unconstrained": "unimodal",
  "fits": {
    "constant": {
      "params": [
        0.021942307692307695
      ],
      "bic": -29.117865308973244,
      "residual_se": 0.02631069844980012,
      "converged": true,
      "weight": 3.005387530360509e-08
    },
    "logistic": {
      "params": [
        0.021942193183227297,
        9.99999999999998,
        4.843985694562079e-15
      ],
      "bic": -25.225931049689876,
      "residual_se": 0.026310912621961162,
      "converged": true,
      "weight": 4.293166123565133e-09
    },
    "gompertz": {
      "params": [
        0.021942307823719243,
        0.00010000000015881155,
        9.999999999999988
      ],
      "bic": -25.226044999466026,
      "residual_se": 0.026310698471218148,
      "converged": true,
      "weight": 4.293410733192748e-09
    },
    "shifted_logistic": {
      "params": [
        0.0012493158212705238,
        2.4939835102442847,
        3.8541218537441777,
        0.061615400330373445
      ],
      "bic": -62.167666616446326,
      "residual_se": 0.0016360663637799372,
      "converged": true,
      "weight": 0.45141256981679717
    },
    "unimodal": {
      "params": [
        0.06226071568493871,
        1.46030662416475,
        1.8783356010049057,
        0.0011899467674916836
      ],
      "bic": -62.55759638640737,
      "residual_se": 0.0015911271677203334,
      "converged": true,
      "weight": 0.5485873915427507
    }
  },
  "best_fit_constrained": "unimodal",
  "unimodal_c_star_constrained": 1.46030662416475,
  "winner_flips": false
}