{
  "schema_version": "v6.0-pilot",
  "problem_id": "gpqa_diamond_0176",
  "subject": "physics",
  "c_star_bounds": [
    1.0,
    64.0
  ],
  "R_at_N": {
    "1": 0.03076923076923077,
    "2": 0.027884615384615386,
    "4": 0.001,
    "8": 0.0,
    "16": 0.0,
    "32": 0.0,
    "64": 0.0
  },
  "best_fit_unconstrained": "unimodal",
  "fits": {
    "constant": {
      "params": [
        0.008521978021978021
      ],
      "bic": -38.79029754270439,
      "residual_se": 0.013185102911070138,
      "converged": true,
      "weight": 2.9441179205245373e-31
    },
    "logistic": {
      "params": [
        0.017292501180059344,
        0.00010000000286292733,
        322.28166927716455
      ],
      "bic": -34.89354214312842,
      "residual_se": 0.013189751574701326,
      "converged": true,
      "weight": 4.195517308438971e-32
    },
    "gompertz": {
      "params": [
        0.008521978021117071,
        0.00010000000000000789,
        9.999999999999998
      ],
      "bic": -34.89847723469111,
      "residual_se": 0.013185102920396397,
      "converged": true,
      "weight": 4.205882722781783e-32
    },
    "shifted_logistic": {
      "params": [
        1.4365690557518853e-06,
        2.8005327475250916,
        2.7852833693222228,
        0.030976595399442395
      ],
      "bic": -164.5796842810996,
      "residual_se": 1.0886146908387123e-06,
      "converged": true,
      "weight": 0.0006078178807994917
    },
    "unimodal": {
      "params": [
        0.03352876820147789,
        1.4056845002342089,
        0.97882616979879,
        1.1454688775344747e-12
      ],
      "bic": -179.38973879380035,
      "residual_se": 2.6392409436765937e-12,
      "converged": true,
      "weight": 0.9993921821192004
    }
  },
  "best_fit_constrained": "unimodal",
  "unimodal_c_star_constrained": 1.4056845002342089,
  "winner_flips": false
}