{
  "schema_version": "v6.0-pilot",
  "problem_id": "gpqa_diamond_0173",
  "subject": "physics",
  "c_star_bounds": [
    1.0,
    64.0
  ],
  "R_at_N": {
    "1": 0.2,
    "2": 0.20048076923076924,
    "4": 0.136,
    "8": 0.12,
    "16": 0.056,
    "32": 0.006,
    "64": 0.0
  },
  "best_fit_unconstrained": "shifted_logistic",
  "fits": {
    "constant": {
      "params": [
        0.10264010989015482
      ],
      "bic": -13.915511943894767,
      "residual_se": 0.07793366567938596,
      "converged": true,
      "weight": 7.307079304587183e-05
    },
    "logistic": {
      "params": [
        0.10264014409058678,
        9.999999999999998,
        5.0212067916086254e-15
      ],
      "bic": -10.023542250116417,
      "residual_se": 0.0779344973232534,
      "converged": true,
      "weight": 1.0437905002823807e-05
    },
    "gompertz": {
      "params": [
        0.10264010989192568,
        0.00010000000000011975,
        9.999999999999998
      ],
      "bic": -10.023691630844095,
      "residual_se": 0.07793366576255258,
      "converged": true,
      "weight": 1.0438684642861619e-05
    },
    "shifted_logistic": {
      "params": [
        0.003070087908194083,
        0.17614225394432165,
        7.507802278495915,
        0.24999999999999997
      ],
      "bic": -32.73454100536177,
      "residual_se": 0.01339204557768509,
      "converged": true,
      "weight": 0.8917519319708542
    },
    "unimodal": {
      "params": [
        0.17607030077533983,
        1.0000000000000002,
        8.427435104836414,
        0.005898659025337175
      ],
      "bic": -28.515279529678274,
      "residual_se": 0.018102258994039392,
      "converged": true,
      "weight": 0.1081541206464542
    }
  },
  "best_fit_constrained": "shifted_logistic",
  "unimodal_c_star_constrained": 1.0000000000000002,
  "winner_flips": false
}