{
  "schema_version": "v6.0-pilot",
  "problem_id": "gpqa_diamond_0074",
  "subject": "biology",
  "c_star_bounds": [
    1.0,
    64.0
  ],
  "R_at_N": {
    "1": 0.9692307692307692,
    "2": 0.9677884615384615,
    "4": 1.0,
    "8": 1.0,
    "16": 1.0,
    "32": 1.0,
    "64": 1.0
  },
  "best_fit_unconstrained": "gompertz",
  "fits": {
    "constant": {
      "params": [
        0.9910027472527473
      ],
      "bic": -37.721481567890514,
      "residual_se": 0.014231127217695918,
      "converged": true,
      "weight": 0.00702788222456423
    },
    "logistic": {
      "params": [
        0.9950234739999378,
        3.565379737795414,
        5.1709685793285886e-17
      ],
      "bic": -37.61620716294429,
      "residual_se": 0.010858672390065839,
      "converged": true,
      "weight": 0.0066675215534430605
    },
    "gompertz": {
      "params": [
        0.9999999999999999,
        0.05782396096834821,
        0.4801242123646043
      ],
      "bic": -47.59632989874116,
      "residual_se": 0.005323325221018325,
      "converged": true,
      "weight": 0.9797618947269646
    },
    "shifted_logistic": {
      "params": [
        0.9951859576407889,
        3.236645527505236,
        8.102455350517764e-15,
        0.24999999999999997
      ],
      "bic": -35.80356671680539,
      "residual_se": 0.010755796245002563,
      "converged": true,
      "weight": 0.0026937330610577836
    },
    "unimodal": {
      "params": [
        0.9999999937272235,
        40.31429902895858,
        159.4422606472837,
        0.009320700266257842
      ],
      "bic": -36.51732108992005,
      "residual_se": 0.0102211830830288,
      "converged": true,
      "weight": 0.003848968433970297
    }
  },
  "best_fit_constrained": "gompertz",
  "unimodal_c_star_constrained": 40.31429902895858,
  "winner_flips": false
}