{
  "schema_version": "v6.0-pilot",
  "problem_id": "gpqa_diamond_0051",
  "subject": "physics",
  "c_star_bounds": [
    1.0,
    64.0
  ],
  "R_at_N": {
    "1": 0.13846153846153847,
    "2": 0.15048076923076922,
    "4": 0.095,
    "8": 0.05,
    "16": 0.012,
    "32": 0.0,
    "64": 0.0
  },
  "best_fit_unconstrained": "shifted_logistic",
  "fits": {
    "constant": {
      "params": [
        0.06370604407785013
      ],
      "bic": -17.611274752217746,
      "residual_se": 0.05985200711005472,
      "converged": true,
      "weight": 1.1633854536195864e-05
    },
    "logistic": {
      "params": [
        0.06370597226773558,
        9.999999999999977,
        1.527884449708256e-13
      ],
      "bic": -13.719333739650143,
      "residual_se": 0.05985252318388944,
      "converged": true,
      "weight": 1.6618789100242909e-06
    },
    "gompertz": {
      "params": [
        0.06370604398101733,
        0.00010000000000971375,
        9.999999999999998
      ],
      "bic": -13.719454442035257,
      "residual_se": 0.059852007161663674,
      "converged": true,
      "weight": 1.6619792094249602e-06
    },
    "shifted_logistic": {
      "params": [
        0.0014903646919421669,
        0.2753809998738734,
        3.295416826226105,
        0.22626983539246703
      ],
      "bic": -39.74223555765611,
      "residual_se": 0.00811822314901181,
      "converged": true,
      "weight": 0.7437050111439235
    },
    "unimodal": {
      "params": [
        0.1357762770415445,
        1.0000000000000002,
        4.378394267255867,
        0.004615234379974751
      ],
      "bic": -37.611488062615805,
      "residual_se": 0.009452767500815825,
      "converged": true,
      "weight": 0.2562800311434208
    }
  },
  "best_fit_constrained": "shifted_logistic",
  "unimodal_c_star_constrained": 1.0000000000000002,
  "winner_flips": false
}