{
  "schema_version": "v6.0-pilot",
  "problem_id": "gpqa_diamond_0127",
  "subject": "biology",
  "c_star_bounds": [
    1.0,
    64.0
  ],
  "R_at_N": {
    "1": 0.09230769230769231,
    "2": 0.08990384615384615,
    "4": 0.028,
    "8": 0.004,
    "16": 0.0,
    "32": 0.0,
    "64": 0.0
  },
  "best_fit_unconstrained": "unimodal",
  "fits": {
    "constant": {
      "params": [
        0.030601648354867304
      ],
      "bic": -23.476623604494574,
      "residual_se": 0.03936674709802758,
      "converged": true,
      "weight": 4.050103566976086e-10
    },
    "logistic": {
      "params": [
        0.030601446605296387,
        9.999999999999682,
        8.741679325344204e-14
      ],
      "bic": -19.584692669838077,
      "residual_se": 0.03936705819932261,
      "converged": true,
      "weight": 5.785542183483309e-11
    },
    "gompertz": {
      "params": [
        0.03060164833061553,
        0.00010000000000010657,
        9.999999999999998
      ],
      "bic": -19.58480329531981,
      "residual_se": 0.03936674712913894,
      "converged": true,
      "weight": 5.785862206529466e-11
    },
    "shifted_logistic": {
      "params": [
        0.000997892867360572,
        2.1724460927612257,
        3.5982143244496942,
        0.09264684772272953
      ],
      "bic": -65.30905278243387,
      "residual_se": 0.0013072295832510473,
      "converged": true,
      "weight": 0.49120491893224727
    },
    "unimodal": {
      "params": [
        0.09456597755868967,
        1.4290295656094139,
        1.6245176065939915,
        0.0009896433296202255
      ],
      "bic": -65.37942068712849,
      "residual_se": 0.0013006755677235605,
      "converged": true,
      "weight": 0.5087950805470284
    }
  },
  "best_fit_constrained": "unimodal",
  "unimodal_c_star_constrained": 1.4290295656094139,
  "winner_flips": false
}