{
  "schema_version": "v6.0-pilot",
  "problem_id": "gpqa_diamond_0160",
  "subject": "physics",
  "c_star_bounds": [
    1.0,
    64.0
  ],
  "R_at_N": {
    "1": 0.6153846153846154,
    "2": 0.6038461538461538,
    "4": 0.742,
    "8": 0.825,
    "16": 0.931,
    "32": 0.996,
    "64": 1.0
  },
  "best_fit_unconstrained": "gompertz",
  "fits": {
    "constant": {
      "params": [
        0.8161758241754209
      ],
      "bic": -4.2019415479724085,
      "residual_se": 0.15597324430961268,
      "converged": true,
      "weight": 1.9705187374109983e-06
    },
    "logistic": {
      "params": [
        0.9973374756506133,
        0.22104620334271602,
        1.7768066017728067e-27
      ],
      "bic": -22.326791574495445,
      "residual_se": 0.03236459805522314,
      "converged": true,
      "weight": 0.01699580520311477
    },
    "gompertz": {
      "params": [
        0.9988311699872674,
        0.5887090392236547,
        0.14177625620057965
      ],
      "bic": -29.982152328013257,
      "residual_se": 0.018732382119580632,
      "converged": true,
      "weight": 0.7810560682600809
    },
    "shifted_logistic": {
      "params": [
        0.9953564258060383,
        0.17515081333646476,
        4.124451011266715e-12,
        0.13615978669257475
      ],
      "bic": -27.27408498484062,
      "residual_se": 0.01978043840467922,
      "converged": true,
      "weight": 0.20166608116054532
    },
    "unimodal": {
      "params": [
        0.9999999999999999,
        44.794998799442425,
        41.264894997739084,
        0.09143730641214996
      ],
      "bic": -14.115461726290292,
      "residual_se": 0.0506325753771832,
      "converged": true,
      "weight": 0.00028007485752156054
    }
  },
  "best_fit_constrained": "gompertz",
  "unimodal_c_star_constrained": 44.794998799442425,
  "winner_flips": false
}