{
  "schema_version": "v6.0-pilot",
  "problem_id": "gpqa_diamond_0050",
  "subject": "physics",
  "c_star_bounds": [
    1.0,
    64.0
  ],
  "R_at_N": {
    "1": 0.5384615384615384,
    "2": 0.5326923076923077,
    "4": 0.658,
    "8": 0.769,
    "16": 0.927,
    "32": 0.996,
    "64": 1.0
  },
  "best_fit_unconstrained": "logistic",
  "fits": {
    "constant": {
      "params": [
        0.7744505494505495
      ],
      "bic": -1.4876552932938747,
      "residual_se": 0.18934335714595985,
      "converged": true,
      "weight": 5.455050968410552e-08
    },
    "logistic": {
      "params": [
        0.9999999999999999,
        0.16293135198861503,
        0.45628836897374625
      ],
      "bic": -33.4763253755132,
      "residual_se": 0.014594867142236588,
      "converged": true,
      "weight": 0.4820035787477015
    },
    "gompertz": {
      "params": [
        0.9999999999999999,
        0.7564049443469312,
        0.13721457831068856
      ],
      "bic": -32.748987324472644,
      "residual_se": 0.015373152121220892,
      "converged": true,
      "weight": 0.33505091766009987
    },
    "shifted_logistic": {
      "params": [
        0.9999999999999999,
        0.16567039715592183,
        0.8809266162441881,
        0.03598986139076988
      ],
      "bic": -31.53867159043414,
      "residual_se": 0.014586262498644777,
      "converged": true,
      "weight": 0.1829338562540822
    },
    "unimodal": {
      "params": [
        0.9999999999999999,
        44.970360886949585,
        36.06975153033624,
        0.11512406820490664
      ],
      "bic": -12.205678033324538,
      "residual_se": 0.05803279444598829,
      "converged": true,
      "weight": 1.1592787606712527e-05
    }
  },
  "best_fit_constrained": "logistic",
  "unimodal_c_star_constrained": 44.970360886949585,
  "winner_flips": false
}