{
  "schema_version": "v6.0-pilot",
  "problem_id": "gpqa_diamond_0096",
  "subject": "biology",
  "c_star_bounds": [
    1.0,
    64.0
  ],
  "R_at_N": {
    "1": 0.5692307692307692,
    "2": 0.5596153846153846,
    "4": 0.755,
    "8": 0.872,
    "16": 0.973,
    "32": 1.0,
    "64": 1.0
  },
  "best_fit_unconstrained": "logistic",
  "fits": {
    "constant": {
      "params": [
        0.8184065934041327
      ],
      "bic": -2.2268877625820984,
      "residual_se": 0.1796049563496757,
      "converged": true,
      "weight": 2.4785864295857018e-06
    },
    "logistic": {
      "params": [
        0.9964356412159824,
        0.26225958420063206,
        0.28970467377176
      ],
      "bic": -26.351086173478535,
      "residual_se": 0.024279091760393487,
      "converged": true,
      "weight": 0.42924692498856193
    },
    "gompertz": {
      "params": [
        0.9992637406345692,
        0.7638544209253579,
        0.21919055452237016
      ],
      "bic": -26.251801888742754,
      "residual_se": 0.024451884612410962,
      "converged": true,
      "weight": 0.4084584492481333
    },
    "shifted_logistic": {
      "params": [
        0.9963325763008132,
        0.2638857059422759,
        0.3839290366164342,
        0.013194887967021268
      ],
      "bic": -24.40539977904141,
      "residual_se": 0.02427870372357247,
      "converged": true,
      "weight": 0.16225823979396223
    },
    "unimodal": {
      "params": [
        0.9999999999999993,
        43.450818305327815,
        37.96694926750479,
        0.11768756065589092
      ],
      "bic": -7.45877649481973,
      "residual_se": 0.08145678773920659,
      "converged": true,
      "weight": 3.390738291305219e-05
    }
  },
  "best_fit_constrained": "logistic",
  "unimodal_c_star_constrained": 43.450818305327815,
  "winner_flips": false
}