{
  "problem_id": "gpqa_diamond_0079",
  "subject": "biology",
  "n_total": 65,
  "c_correct": 7,
  "p": 0.107692,
  "mv_acc": {
    "1": 0.107692,
    "2": 0.1085,
    "4": 0.065,
    "8": 0.027,
    "16": 0.005,
    "32": 0.0,
    "64": 0.0
  },
  "oracle_pass_at_n": {
    "1": 0.107692,
    "2": 0.205288,
    "4": 0.373346,
    "8": 0.620239,
    "16": 0.876613,
    "32": 0.993864,
    "64": 1.0
  },
  "mean_input_tokens": 153.0,
  "mean_output_tokens": 878.09,
  "mv_gain": -0.107692,
  "mv_gain_max": 0.000808,
  "interior_peak": false
}