{
  "problem_id": "gpqa_diamond_0159",
  "subject": "physics",
  "n_total": 65,
  "c_correct": 2,
  "p": 0.030769,
  "mv_acc": {
    "1": 0.030769,
    "2": 0.0305,
    "4": 0.0005,
    "8": 0.0,
    "16": 0.0,
    "32": 0.0,
    "64": 0.0
  },
  "oracle_pass_at_n": {
    "1": 0.030769,
    "2": 0.061058,
    "4": 0.120192,
    "8": 0.232692,
    "16": 0.434615,
    "32": 0.746154,
    "64": 1.0
  },
  "mean_input_tokens": 233.0,
  "mean_output_tokens": 453.55,
  "mv_gain": -0.030769,
  "mv_gain_max": 0.0,
  "interior_peak": false
}