{
  "problem_id": "gpqa_diamond_0010",
  "subject": "biology",
  "n_total": 66,
  "c_correct": 53,
  "p": 0.80303,
  "mv_acc": {
    "1": 0.80303,
    "2": 0.799,
    "4": 0.94,
    "8": 0.997,
    "16": 1.0,
    "32": 1.0,
    "64": 1.0
  },
  "oracle_pass_at_n": {
    "1": 0.80303,
    "2": 0.963636,
    "4": 0.999008,
    "8": 1.0,
    "16": 1.0,
    "32": 1.0,
    "64": 1.0
  },
  "mean_input_tokens": 433.0,
  "mean_output_tokens": 387.27,
  "mv_gain": 0.19697,
  "mv_gain_max": 0.19697,
  "interior_peak": false
}