{
  "problem_id": "gpqa_diamond_0171",
  "subject": "physics",
  "n_total": 65,
  "c_correct": 51,
  "p": 0.784615,
  "mv_acc": {
    "1": 0.784615,
    "2": 0.769,
    "4": 0.8755,
    "8": 0.9605,
    "16": 0.9975,
    "32": 1.0,
    "64": 1.0
  },
  "oracle_pass_at_n": {
    "1": 0.784615,
    "2": 0.95625,
    "4": 0.998522,
    "8": 0.999999,
    "16": 1.0,
    "32": 1.0,
    "64": 1.0
  },
  "mean_input_tokens": 278.0,
  "mean_output_tokens": 684.37,
  "mv_gain": 0.215385,
  "mv_gain_max": 0.215385,
  "interior_peak": false
}