{
  "problem_id": "gpqa_diamond_0101",
  "subject": "biology",
  "n_total": 65,
  "c_correct": 24,
  "p": 0.369231,
  "mv_acc": {
    "1": 0.369231,
    "2": 0.369,
    "4": 0.438,
    "8": 0.4965,
    "16": 0.611,
    "32": 0.8235,
    "64": 1.0
  },
  "oracle_pass_at_n": {
    "1": 0.369231,
    "2": 0.605769,
    "4": 0.850422,
    "8": 0.98107,
    "16": 0.999841,
    "32": 1.0,
    "64": 1.0
  },
  "mean_input_tokens": 473.0,
  "mean_output_tokens": 497.58,
  "mv_gain": 0.630769,
  "mv_gain_max": 0.630769,
  "interior_peak": false
}