{
  "problem_id": "gpqa_diamond_0077",
  "subject": "physics",
  "n_total": 65,
  "c_correct": 62,
  "p": 0.953846,
  "mv_acc": {
    "1": 0.953846,
    "2": 0.9475,
    "4": 0.9925,
    "8": 1.0,
    "16": 1.0,
    "32": 1.0,
    "64": 1.0
  },
  "oracle_pass_at_n": {
    "1": 0.953846,
    "2": 0.998558,
    "4": 1.0,
    "8": 1.0,
    "16": 1.0,
    "32": 1.0,
    "64": 1.0
  },
  "mean_input_tokens": 549.0,
  "mean_output_tokens": 656.26,
  "mv_gain": 0.046154,
  "mv_gain_max": 0.046154,
  "interior_peak": false
}