{
  "problem_id": "gpqa_diamond_0092",
  "subject": "biology",
  "n_total": 65,
  "c_correct": 10,
  "p": 0.153846,
  "mv_acc": {
    "1": 0.153846,
    "2": 0.163,
    "4": 0.0715,
    "8": 0.016,
    "16": 0.0,
    "32": 0.0,
    "64": 0.0
  },
  "oracle_pass_at_n": {
    "1": 0.153846,
    "2": 0.286058,
    "4": 0.496256,
    "8": 0.758773,
    "16": 0.954094,
    "32": 0.999483,
    "64": 1.0
  },
  "mean_input_tokens": 431.0,
  "mean_output_tokens": 555.77,
  "mv_gain": -0.153846,
  "mv_gain_max": 0.009154,
  "interior_peak": false
}