{
  "problem_id": "gpqa_diamond_0050",
  "subject": "physics",
  "n_total": 65,
  "c_correct": 35,
  "p": 0.538462,
  "mv_acc": {
    "1": 0.538462,
    "2": 0.549,
    "4": 0.661,
    "8": 0.805,
    "16": 0.935,
    "32": 0.9965,
    "64": 1.0
  },
  "oracle_pass_at_n": {
    "1": 0.538462,
    "2": 0.790865,
    "4": 0.959522,
    "8": 0.99884,
    "16": 1.0,
    "32": 1.0,
    "64": 1.0
  },
  "mean_input_tokens": 202.0,
  "mean_output_tokens": 625.98,
  "mv_gain": 0.461538,
  "mv_gain_max": 0.461538,
  "interior_peak": false
}