{
  "problem_id": "gpqa_diamond_0164",
  "subject": "chemistry",
  "n_total": 65,
  "c_correct": 26,
  "p": 0.4,
  "mv_acc": {
    "1": 0.4,
    "2": 0.401,
    "4": 0.4515,
    "8": 0.451,
    "16": 0.5345,
    "32": 0.59,
    "64": 1.0
  },
  "oracle_pass_at_n": {
    "1": 0.4,
    "2": 0.64375,
    "4": 0.878514,
    "8": 0.987811,
    "16": 0.999942,
    "32": 1.0,
    "64": 1.0
  },
  "mean_input_tokens": 311.0,
  "mean_output_tokens": 259.83,
  "mv_gain": 0.6,
  "mv_gain_max": 0.6,
  "interior_peak": false
}