{
  "problem_id": "gpqa_diamond_0052",
  "subject": "chemistry",
  "n_total": 65,
  "c_correct": 8,
  "p": 0.123077,
  "mv_acc": {
    "1": 0.123077,
    "2": 0.128,
    "4": 0.0815,
    "8": 0.0375,
    "16": 0.0085,
    "32": 0.0,
    "64": 0.0
  },
  "oracle_pass_at_n": {
    "1": 0.123077,
    "2": 0.232692,
    "4": 0.416563,
    "8": 0.67262,
    "16": 0.910651,
    "32": 0.997249,
    "64": 1.0
  },
  "mean_input_tokens": 265.0,
  "mean_output_tokens": 534.05,
  "mv_gain": -0.123077,
  "mv_gain_max": 0.004923,
  "interior_peak": false
}