{
  "problem_id": "gpqa_diamond_0026",
  "subject": "biology",
  "n_total": 66,
  "c_correct": 27,
  "p": 0.409091,
  "mv_acc": {
    "1": 0.409091,
    "2": 0.4245,
    "4": 0.4115,
    "8": 0.429,
    "16": 0.382,
    "32": 0.288,
    "64": 0.0
  },
  "oracle_pass_at_n": {
    "1": 0.409091,
    "2": 0.654545,
    "4": 0.885877,
    "8": 0.989288,
    "16": 0.999956,
    "32": 1.0,
    "64": 1.0
  },
  "mean_input_tokens": 198.0,
  "mean_output_tokens": 420.59,
  "mv_gain": -0.409091,
  "mv_gain_max": 0.019909,
  "interior_peak": false
}