{
  "problem_id": "gpqa_diamond_0029",
  "subject": "chemistry",
  "n_total": 71,
  "c_correct": 3,
  "p": 0.042254,
  "mv_acc": {
    "1": 0.042254,
    "2": 0.0365,
    "4": 0.014,
    "8": 0.0015,
    "16": 0.0,
    "32": 0.0,
    "64": 0.0
  },
  "oracle_pass_at_n": {
    "1": 0.042254,
    "2": 0.0833,
    "4": 0.161841,
    "8": 0.305205,
    "16": 0.540985,
    "32": 0.840101,
    "64": 0.999388
  },
  "mean_input_tokens": 135.0,
  "mean_output_tokens": 502.54,
  "mv_gain": -0.042254,
  "mv_gain_max": 0.0,
  "interior_peak": false
}