{
  "problem_id": "gpqa_diamond_0047",
  "subject": "chemistry",
  "n_total": 65,
  "c_correct": 19,
  "p": 0.292308,
  "mv_acc": {
    "1": 0.292308,
    "2": 0.315,
    "4": 0.3045,
    "8": 0.27,
    "16": 0.2575,
    "32": 0.202,
    "64": 0.0
  },
  "oracle_pass_at_n": {
    "1": 0.292308,
    "2": 0.502404,
    "4": 0.758973,
    "8": 0.948303,
    "16": 0.99847,
    "32": 1.0,
    "64": 1.0
  },
  "mean_input_tokens": 188.0,
  "mean_output_tokens": 540.09,
  "mv_gain": -0.292308,
  "mv_gain_max": 0.022692,
  "interior_peak": true
}