{
  "problem_id": "gpqa_diamond_0165",
  "subject": "physics",
  "n_total": 65,
  "c_correct": 45,
  "p": 0.692308,
  "mv_acc": {
    "1": 0.692308,
    "2": 0.6905,
    "4": 0.839,
    "8": 0.942,
    "16": 0.989,
    "32": 1.0,
    "64": 1.0
  },
  "oracle_pass_at_n": {
    "1": 0.692308,
    "2": 0.908654,
    "4": 0.992844,
    "8": 0.999975,
    "16": 1.0,
    "32": 1.0,
    "64": 1.0
  },
  "mean_input_tokens": 942.0,
  "mean_output_tokens": 538.62,
  "mv_gain": 0.307692,
  "mv_gain_max": 0.307692,
  "interior_peak": false
}