{
  "problem_id": "gpqa_diamond_0127",
  "subject": "biology",
  "n_total": 65,
  "c_correct": 6,
  "p": 0.092308,
  "mv_acc": {
    "1": 0.092308,
    "2": 0.0905,
    "4": 0.0265,
    "8": 0.002,
    "16": 0.0,
    "32": 0.0,
    "64": 0.0
  },
  "oracle_pass_at_n": {
    "1": 0.092308,
    "2": 0.177404,
    "4": 0.327771,
    "8": 0.560669,
    "16": 0.830702,
    "32": 0.986591,
    "64": 1.0
  },
  "mean_input_tokens": 2848.0,
  "mean_output_tokens": 638.37,
  "mv_gain": -0.092308,
  "mv_gain_max": 0.0,
  "interior_peak": false
}