{
  "problem_id": "gpqa_diamond_0082",
  "subject": "chemistry",
  "n_total": 65,
  "c_correct": 49,
  "p": 0.753846,
  "mv_acc": {
    "1": 0.753846,
    "2": 0.7395,
    "4": 0.8645,
    "8": 0.9575,
    "16": 0.995,
    "32": 1.0,
    "64": 1.0
  },
  "oracle_pass_at_n": {
    "1": 0.753846,
    "2": 0.942308,
    "4": 0.997312,
    "8": 0.999997,
    "16": 1.0,
    "32": 1.0,
    "64": 1.0
  },
  "mean_input_tokens": 227.0,
  "mean_output_tokens": 1216.38,
  "mv_gain": 0.246154,
  "mv_gain_max": 0.246154,
  "interior_peak": false
}