{
  "problem_id": "gpqa_diamond_0027",
  "subject": "chemistry",
  "n_total": 66,
  "c_correct": 14,
  "p": 0.212121,
  "mv_acc": {
    "1": 0.212121,
    "2": 0.2125,
    "4": 0.1335,
    "8": 0.071,
    "16": 0.016,
    "32": 0.0,
    "64": 0.0
  },
  "oracle_pass_at_n": {
    "1": 0.212121,
    "2": 0.381818,
    "4": 0.624369,
    "8": 0.868977,
    "16": 0.987885,
    "32": 0.999982,
    "64": 1.0
  },
  "mean_input_tokens": 361.0,
  "mean_output_tokens": 548.74,
  "mv_gain": -0.212121,
  "mv_gain_max": 0.000379,
  "interior_peak": false
}