{
  "problem_id": "gpqa_diamond_0012",
  "subject": "chemistry",
  "n_total": 66,
  "c_correct": 57,
  "p": 0.863636,
  "mv_acc": {
    "1": 0.863636,
    "2": 0.871,
    "4": 0.981,
    "8": 1.0,
    "16": 1.0,
    "32": 1.0,
    "64": 1.0
  },
  "oracle_pass_at_n": {
    "1": 0.863636,
    "2": 0.983217,
    "4": 0.999825,
    "8": 1.0,
    "16": 1.0,
    "32": 1.0,
    "64": 1.0
  },
  "mean_input_tokens": 374.0,
  "mean_output_tokens": 589.27,
  "mv_gain": 0.136364,
  "mv_gain_max": 0.136364,
  "interior_peak": false
}