{
  "problem_id": "gpqa_diamond_0156",
  "subject": "biology",
  "n_total": 65,
  "c_correct": 31,
  "p": 0.476923,
  "mv_acc": {
    "1": 0.476923,
    "2": 0.482,
    "4": 0.6045,
    "8": 0.685,
    "16": 0.836,
    "32": 0.9735,
    "64": 1.0
  },
  "oracle_pass_at_n": {
    "1": 0.476923,
    "2": 0.730288,
    "4": 0.931502,
    "8": 0.996403,
    "16": 0.999997,
    "32": 1.0,
    "64": 1.0
  },
  "mean_input_tokens": 243.0,
  "mean_output_tokens": 287.35,
  "mv_gain": 0.523077,
  "mv_gain_max": 0.523077,
  "interior_peak": false
}