{
  "problem_id": "gpqa_diamond_0075",
  "subject": "biology",
  "n_total": 65,
  "c_correct": 35,
  "p": 0.538462,
  "mv_acc": {
    "1": 0.538462,
    "2": 0.5435,
    "4": 0.5955,
    "8": 0.6365,
    "16": 0.728,
    "32": 0.838,
    "64": 1.0
  },
  "oracle_pass_at_n": {
    "1": 0.538462,
    "2": 0.790865,
    "4": 0.959522,
    "8": 0.99884,
    "16": 1.0,
    "32": 1.0,
    "64": 1.0
  },
  "mean_input_tokens": 255.0,
  "mean_output_tokens": 334.82,
  "mv_gain": 0.461538,
  "mv_gain_max": 0.461538,
  "interior_peak": false
}