{
  "problem_id": "gpqa_diamond_0160",
  "subject": "physics",
  "n_total": 65,
  "c_correct": 40,
  "p": 0.615385,
  "mv_acc": {
    "1": 0.615385,
    "2": 0.6305,
    "4": 0.7385,
    "8": 0.831,
    "16": 0.931,
    "32": 0.9975,
    "64": 1.0
  },
  "oracle_pass_at_n": {
    "1": 0.615385,
    "2": 0.855769,
    "4": 0.981316,
    "8": 0.999786,
    "16": 1.0,
    "32": 1.0,
    "64": 1.0
  },
  "mean_input_tokens": 333.0,
  "mean_output_tokens": 368.55,
  "mv_gain": 0.384615,
  "mv_gain_max": 0.384615,
  "interior_peak": false
}