{
  "problem_id": "gpqa_diamond_0178",
  "subject": "physics",
  "n_total": 65,
  "c_correct": 20,
  "p": 0.307692,
  "mv_acc": {
    "1": 0.307692,
    "2": 0.3165,
    "4": 0.231,
    "8": 0.1215,
    "16": 0.0395,
    "32": 0.0015,
    "64": 0.0
  },
  "oracle_pass_at_n": {
    "1": 0.307692,
    "2": 0.524038,
    "4": 0.779932,
    "8": 0.957294,
    "16": 0.999002,
    "32": 1.0,
    "64": 1.0
  },
  "mean_input_tokens": 339.0,
  "mean_output_tokens": 624.74,
  "mv_gain": -0.307692,
  "mv_gain_max": 0.008808,
  "interior_peak": false
}