{
  "problem_id": "gpqa_diamond_0090",
  "subject": "chemistry",
  "n_total": 65,
  "c_correct": 4,
  "p": 0.061538,
  "mv_acc": {
    "1": 0.061538,
    "2": 0.0515,
    "4": 0.0265,
    "8": 0.007,
    "16": 0.0,
    "32": 0.0,
    "64": 0.0
  },
  "oracle_pass_at_n": {
    "1": 0.061538,
    "2": 0.120192,
    "4": 0.229211,
    "8": 0.416563,
    "16": 0.687055,
    "32": 0.93956,
    "64": 1.0
  },
  "mean_input_tokens": 269.0,
  "mean_output_tokens": 477.62,
  "mv_gain": -0.061538,
  "mv_gain_max": 0.0,
  "interior_peak": false
}