{
  "problem_id": "gpqa_diamond_0074",
  "subject": "biology",
  "n_total": 65,
  "c_correct": 63,
  "p": 0.969231,
  "mv_acc": {
    "1": 0.969231,
    "2": 0.9695,
    "4": 1.0,
    "8": 1.0,
    "16": 1.0,
    "32": 1.0,
    "64": 1.0
  },
  "oracle_pass_at_n": {
    "1": 0.969231,
    "2": 0.999519,
    "4": 1.0,
    "8": 1.0,
    "16": 1.0,
    "32": 1.0,
    "64": 1.0
  },
  "mean_input_tokens": 673.0,
  "mean_output_tokens": 410.26,
  "mv_gain": 0.030769,
  "mv_gain_max": 0.030769,
  "interior_peak": false
}