{
  "problem_id": "gpqa_diamond_0134",
  "subject": "physics",
  "n_total": 65,
  "c_correct": 20,
  "p": 0.307692,
  "mv_acc": {
    "1": 0.307692,
    "2": 0.325,
    "4": 0.2845,
    "8": 0.212,
    "16": 0.1255,
    "32": 0.02,
    "64": 0.0
  },
  "oracle_pass_at_n": {
    "1": 0.307692,
    "2": 0.524038,
    "4": 0.779932,
    "8": 0.957294,
    "16": 0.999002,
    "32": 1.0,
    "64": 1.0
  },
  "mean_input_tokens": 392.0,
  "mean_output_tokens": 889.82,
  "mv_gain": -0.307692,
  "mv_gain_max": 0.017308,
  "interior_peak": false
}