{
  "problem_id": "gpqa_diamond_0130",
  "subject": "chemistry",
  "n_total": 65,
  "c_correct": 17,
  "p": 0.261538,
  "mv_acc": {
    "1": 0.261538,
    "2": 0.2565,
    "4": 0.246,
    "8": 0.2255,
    "16": 0.1685,
    "32": 0.078,
    "64": 0.0
  },
  "oracle_pass_at_n": {
    "1": 0.261538,
    "2": 0.457692,
    "4": 0.712602,
    "8": 0.925239,
    "16": 0.996521,
    "32": 0.999999,
    "64": 1.0
  },
  "mean_input_tokens": 393.0,
  "mean_output_tokens": 600.88,
  "mv_gain": -0.261538,
  "mv_gain_max": 0.0,
  "interior_peak": false
}