{
  "problem_id": "gpqa_diamond_0106",
  "subject": "biology",
  "n_total": 65,
  "c_correct": 19,
  "p": 0.292308,
  "mv_acc": {
    "1": 0.292308,
    "2": 0.3015,
    "4": 0.263,
    "8": 0.2155,
    "16": 0.1235,
    "32": 0.024,
    "64": 0.0
  },
  "oracle_pass_at_n": {
    "1": 0.292308,
    "2": 0.502404,
    "4": 0.758973,
    "8": 0.948303,
    "16": 0.99847,
    "32": 1.0,
    "64": 1.0
  },
  "mean_input_tokens": 314.0,
  "mean_output_tokens": 160.11,
  "mv_gain": -0.292308,
  "mv_gain_max": 0.009192,
  "interior_peak": false
}