{
  "problem_id": "gpqa_diamond_0167",
  "subject": "biology",
  "n_total": 65,
  "c_correct": 1,
  "p": 0.015385,
  "mv_acc": {
    "1": 0.015385,
    "2": 0.0165,
    "4": 0.0015,
    "8": 0.0,
    "16": 0.0,
    "32": 0.0,
    "64": 0.0
  },
  "oracle_pass_at_n": {
    "1": 0.015385,
    "2": 0.030769,
    "4": 0.061538,
    "8": 0.123077,
    "16": 0.246154,
    "32": 0.492308,
    "64": 0.984615
  },
  "mean_input_tokens": 168.0,
  "mean_output_tokens": 287.31,
  "mv_gain": -0.015385,
  "mv_gain_max": 0.001115,
  "interior_peak": false
}