{
  "problem_id": "gpqa_diamond_0043",
  "subject": "biology",
  "n_total": 65,
  "c_correct": 32,
  "p": 0.492308,
  "mv_acc": {
    "1": 0.492308,
    "2": 0.4955,
    "4": 0.502,
    "8": 0.546,
    "16": 0.569,
    "32": 0.6,
    "64": 1.0
  },
  "oracle_pass_at_n": {
    "1": 0.492308,
    "2": 0.746154,
    "4": 0.93956,
    "8": 0.997249,
    "16": 0.999998,
    "32": 1.0,
    "64": 1.0
  },
  "mean_input_tokens": 347.0,
  "mean_output_tokens": 370.89,
  "mv_gain": 0.507692,
  "mv_gain_max": 0.507692,
  "interior_peak": false
}