{
  "problem_id": "gpqa_diamond_0030",
  "subject": "chemistry",
  "n_total": 66,
  "c_correct": 8,
  "p": 0.121212,
  "mv_acc": {
    "1": 0.121212,
    "2": 0.1185,
    "4": 0.0575,
    "8": 0.0155,
    "16": 0.0005,
    "32": 0.0,
    "64": 0.0
  },
  "oracle_pass_at_n": {
    "1": 0.121212,
    "2": 0.229371,
    "4": 0.411325,
    "8": 0.666271,
    "16": 0.906525,
    "32": 0.996839,
    "64": 1.0
  },
  "mean_input_tokens": 169.0,
  "mean_output_tokens": 466.68,
  "mv_gain": -0.121212,
  "mv_gain_max": 0.0,
  "interior_peak": false
}