{
  "problem_id": "gpqa_diamond_0065",
  "subject": "physics",
  "n_total": 65,
  "c_correct": 46,
  "p": 0.707692,
  "mv_acc": {
    "1": 0.707692,
    "2": 0.6875,
    "4": 0.8105,
    "8": 0.905,
    "16": 0.982,
    "32": 1.0,
    "64": 1.0
  },
  "oracle_pass_at_n": {
    "1": 0.707692,
    "2": 0.917788,
    "4": 0.994275,
    "8": 0.999985,
    "16": 1.0,
    "32": 1.0,
    "64": 1.0
  },
  "mean_input_tokens": 158.0,
  "mean_output_tokens": 330.75,
  "mv_gain": 0.292308,
  "mv_gain_max": 0.292308,
  "interior_peak": false
}