{
  "problem_id": "gpqa_diamond_0080",
  "subject": "chemistry",
  "n_total": 65,
  "c_correct": 41,
  "p": 0.630769,
  "mv_acc": {
    "1": 0.630769,
    "2": 0.625,
    "4": 0.775,
    "8": 0.8965,
    "16": 0.969,
    "32": 1.0,
    "64": 1.0
  },
  "oracle_pass_at_n": {
    "1": 0.630769,
    "2": 0.867308,
    "4": 0.984305,
    "8": 0.999854,
    "16": 1.0,
    "32": 1.0,
    "64": 1.0
  },
  "mean_input_tokens": 282.0,
  "mean_output_tokens": 529.83,
  "mv_gain": 0.369231,
  "mv_gain_max": 0.369231,
  "interior_peak": false
}