{
  "problem_id": "gpqa_diamond_0151",
  "subject": "biology",
  "n_total": 65,
  "c_correct": 29,
  "p": 0.446154,
  "mv_acc": {
    "1": 0.446154,
    "2": 0.444,
    "4": 0.4845,
    "8": 0.526,
    "16": 0.5245,
    "32": 0.5525,
    "64": 0.784615
  },
  "oracle_pass_at_n": {
    "1": 0.446154,
    "2": 0.697115,
    "4": 0.912996,
    "8": 0.994005,
    "16": 0.999989,
    "32": 1.0,
    "64": 1.0
  },
  "mean_input_tokens": 229.0,
  "mean_output_tokens": 449.71,
  "mv_gain": 0.338461,
  "mv_gain_max": 0.338461,
  "interior_peak": false
}