{
  "problem_id": "gpqa_diamond_0121",
  "subject": "chemistry",
  "n_total": 72,
  "c_correct": 26,
  "p": 0.361111,
  "mv_acc": {
    "1": 0.361111,
    "2": 0.3675,
    "4": 0.4135,
    "8": 0.468,
    "16": 0.549,
    "32": 0.702,
    "64": 0.9955
  },
  "oracle_pass_at_n": {
    "1": 0.361111,
    "2": 0.59507,
    "4": 0.841382,
    "8": 0.978199,
    "16": 0.999759,
    "32": 1.0,
    "64": 1.0
  },
  "mean_input_tokens": 243.0,
  "mean_output_tokens": 595.67,
  "mv_gain": 0.634389,
  "mv_gain_max": 0.634389,
  "interior_peak": false
}