{
  "problem_id": "gpqa_diamond_0154",
  "subject": "physics",
  "n_total": 65,
  "c_correct": 36,
  "p": 0.553846,
  "mv_acc": {
    "1": 0.553846,
    "2": 0.5455,
    "4": 0.7005,
    "8": 0.811,
    "16": 0.9455,
    "32": 0.999,
    "64": 1.0
  },
  "oracle_pass_at_n": {
    "1": 0.553846,
    "2": 0.804808,
    "4": 0.964919,
    "8": 0.99915,
    "16": 1.0,
    "32": 1.0,
    "64": 1.0
  },
  "mean_input_tokens": 464.0,
  "mean_output_tokens": 1134.74,
  "mv_gain": 0.446154,
  "mv_gain_max": 0.446154,
  "interior_peak": false
}