{
  "problem_id": "gpqa_diamond_0070",
  "subject": "physics",
  "n_total": 65,
  "c_correct": 26,
  "p": 0.4,
  "mv_acc": {
    "1": 0.4,
    "2": 0.411,
    "4": 0.4805,
    "8": 0.566,
    "16": 0.689,
    "32": 0.856,
    "64": 1.0
  },
  "oracle_pass_at_n": {
    "1": 0.4,
    "2": 0.64375,
    "4": 0.878514,
    "8": 0.987811,
    "16": 0.999942,
    "32": 1.0,
    "64": 1.0
  },
  "mean_input_tokens": 205.0,
  "mean_output_tokens": 567.97,
  "mv_gain": 0.6,
  "mv_gain_max": 0.6,
  "interior_peak": false
}