{
  "problem_id": "gpqa_diamond_0096",
  "subject": "biology",
  "n_total": 65,
  "c_correct": 37,
  "p": 0.569231,
  "mv_acc": {
    "1": 0.569231,
    "2": 0.5655,
    "4": 0.7315,
    "8": 0.88,
    "16": 0.9765,
    "32": 0.9995,
    "64": 1.0
  },
  "oracle_pass_at_n": {
    "1": 0.569231,
    "2": 0.818269,
    "4": 0.969758,
    "8": 0.999384,
    "16": 1.0,
    "32": 1.0,
    "64": 1.0
  },
  "mean_input_tokens": 306.0,
  "mean_output_tokens": 517.89,
  "mv_gain": 0.430769,
  "mv_gain_max": 0.430769,
  "interior_peak": false
}