{
  "problem_id": "gpqa_diamond_0107",
  "subject": "physics",
  "n_total": 65,
  "c_correct": 64,
  "p": 0.984615,
  "mv_acc": {
    "1": 0.984615,
    "2": 0.988,
    "4": 1.0,
    "8": 1.0,
    "16": 1.0,
    "32": 1.0,
    "64": 1.0
  },
  "oracle_pass_at_n": {
    "1": 0.984615,
    "2": 1.0,
    "4": 1.0,
    "8": 1.0,
    "16": 1.0,
    "32": 1.0,
    "64": 1.0
  },
  "mean_input_tokens": 226.0,
  "mean_output_tokens": 878.74,
  "mv_gain": 0.015385,
  "mv_gain_max": 0.015385,
  "interior_peak": false
}