{
  "problem_id": "gpqa_diamond_0098",
  "subject": "chemistry",
  "n_total": 65,
  "c_correct": 9,
  "p": 0.138462,
  "mv_acc": {
    "1": 0.138462,
    "2": 0.1435,
    "4": 0.089,
    "8": 0.0585,
    "16": 0.024,
    "32": 0.0005,
    "64": 0.0
  },
  "oracle_pass_at_n": {
    "1": 0.138462,
    "2": 0.259615,
    "4": 0.457506,
    "8": 0.718568,
    "16": 0.935731,
    "32": 0.998794,
    "64": 1.0
  },
  "mean_input_tokens": 394.0,
  "mean_output_tokens": 568.97,
  "mv_gain": -0.138462,
  "mv_gain_max": 0.005038,
  "interior_peak": false
}