{
  "problem_id": "gpqa_diamond_0051",
  "subject": "physics",
  "n_total": 65,
  "c_correct": 9,
  "p": 0.138462,
  "mv_acc": {
    "1": 0.138462,
    "2": 0.1515,
    "4": 0.093,
    "8": 0.0575,
    "16": 0.017,
    "32": 0.0,
    "64": 0.0
  },
  "oracle_pass_at_n": {
    "1": 0.138462,
    "2": 0.259615,
    "4": 0.457506,
    "8": 0.718568,
    "16": 0.935731,
    "32": 0.998794,
    "64": 1.0
  },
  "mean_input_tokens": 286.0,
  "mean_output_tokens": 959.54,
  "mv_gain": -0.138462,
  "mv_gain_max": 0.013038,
  "interior_peak": false
}