{
  "schema_version": "v6.0-pilot",
  "problem_id": "gpqa_diamond_0159",
  "subject": "physics",
  "temperature": 0.7,
  "n_samples_used": 65,
  "R_at_N": {
    "1": 0.03076923076923077,
    "2": 0.029326923076923077,
    "4": 0.004,
    "8": 0.0,
    "16": 0.0,
    "32": 0.0,
    "64": 0.0
  },
  "R_at_N_ci_lower": {
    "1": 0.0,
    "2": 0.0,
    "4": 0.0,
    "8": 0.0,
    "16": 0.0,
    "32": 0.0,
    "64": 0.0
  },
  "R_at_N_ci_upper": {
    "1": 0.06153846153846154,
    "2": 0.08,
    "4": 0.02,
    "8": 0.0,
    "16": 0.0,
    "32": 0.0,
    "64": 0.0
  },
  "fits": {
    "constant": {
      "params": [
        0.009156593444144386
      ],
      "bic": -38.68194676309789,
      "residual_se": 0.013287542821295073,
      "converged": true,
      "weight": 2.7905588020667285e-31
    },
    "logistic": {
      "params": [
        0.01853257543942736,
        0.00010000026538134077,
        271.3190606473244
      ],
      "bic": -34.78457352111527,
      "residual_se": 0.013292814222324567,
      "converged": true,
      "weight": 3.9754594854918267e-32
    },
    "gompertz": {
      "params": [
        0.009156594852634007,
        0.00010000000001459251,
        9.999999999999998
      ],
      "bic": -34.79012645480934,
      "residual_se": 0.013287542830955052,
      "converged": true,
      "weight": 3.986512554093843e-32
    },
    "shifted_logistic": {
      "params": [
        7.786919337871816e-06,
        2.4108007110809337,
        3.2083579036247625,
        0.030919148072820046
      ],
      "bic": -140.81654612084202,
      "residual_se": 5.943350154974686e-06,
      "converged": true,
      "weight": 4.206662156346825e-09
    },
    "unimodal": {
      "params": [
        0.032568356296160506,
        1.4240439742922413,
        1.2578202035528003,
        3.168882621473327e-08
      ],
      "bic": -179.38973879380035,
      "residual_se": 3.3471870355610704e-08,
      "converged": true,
      "weight": 0.9999999957933379
    }
  },
  "best_fit_family": "unimodal",
  "mean_elasticity_8_64": 1.7303572291141519e-09
}