{
  "schema_version": "v6.0-pilot",
  "problem_id": "gpqa_diamond_0098",
  "subject": "chemistry",
  "temperature": 0.7,
  "n_samples_used": 65,
  "R_at_N": {
    "1": 0.13846153846153847,
    "2": 0.14182692307692307,
    "4": 0.1,
    "8": 0.049,
    "16": 0.032,
    "32": 0.0,
    "64": 0.0
  },
  "R_at_N_ci_lower": {
    "1": 0.07692307692307693,
    "2": 0.06,
    "4": 0.03,
    "8": 0.0,
    "16": 0.0,
    "32": 0.0,
    "64": 0.0
  },
  "R_at_N_ci_upper": {
    "1": 0.2153846153846154,
    "2": 0.23049999999999957,
    "4": 0.2,
    "8": 0.17,
    "16": 0.12,
    "32": 0.050499999999999545,
    "64": 0.0
  },
  "fits": {
    "constant": {
      "params": [
        0.06589835164835164
      ],
      "bic": -18.42832030592888,
      "residual_se": 0.0564589920622733,
      "converged": true,
      "weight": 3.625467663079937e-05
    },
    "logistic": {
      "params": [
        0.06589830839944531,
        9.999999999999964,
        2.4914924006173915e-13
      ],
      "bic": -14.536363795788851,
      "residual_se": 0.05645954137879463,
      "converged": true,
      "weight": 5.178886793334317e-06
    },
    "gompertz": {
      "params": [
        0.06589835165434761,
        0.00010000000000127039,
        9.999999999999998
      ],
      "bic": -14.536499994196578,
      "residual_se": 0.056458992117206584,
      "converged": true,
      "weight": 5.179239483410662e-06
    },
    "shifted_logistic": {
      "params": [
        0.004755487829368246,
        0.22120843440672988,
        2.2048110813941832,
        0.24999999999999997
      ],
      "bic": -38.315558364976,
      "residual_se": 0.008989136745181439,
      "converged": true,
      "weight": 0.7547843912984769
    },
    "unimodal": {
      "params": [
        0.13365678495195873,
        5.22616284756386e-16,
        5.009645603468106,
        0.010216498966820914
      ],
      "bic": -36.066589600793314,
      "residual_se": 0.010555609723917532,
      "converged": true,
      "weight": 0.2451689958986156
    }
  },
  "best_fit_family": "shifted_logistic",
  "mean_elasticity_8_64": 0.0009884319858938925
}