{
  "schema_version": "v6.0-pilot",
  "problem_id": "gpqa_diamond_0074",
  "subject": "biology",
  "temperature": 0.7,
  "n_samples_used": 65,
  "R_at_N": {
    "1": 0.9692307692307692,
    "2": 0.9677884615384615,
    "4": 1.0,
    "8": 1.0,
    "16": 1.0,
    "32": 1.0,
    "64": 1.0
  },
  "R_at_N_ci_lower": {
    "1": 0.9384615384615385,
    "2": 0.92,
    "4": 0.99,
    "8": 1.0,
    "16": 1.0,
    "32": 1.0,
    "64": 1.0
  },
  "R_at_N_ci_upper": {
    "1": 1.0,
    "2": 1.0,
    "4": 1.0,
    "8": 1.0,
    "16": 1.0,
    "32": 1.0,
    "64": 1.0
  },
  "fits": {
    "constant": {
      "params": [
        0.9910027472527473
      ],
      "bic": -37.721481567890514,
      "residual_se": 0.014231127217695918,
      "converged": true,
      "weight": 0.007027882224560943
    },
    "logistic": {
      "params": [
        0.9950234739999378,
        3.565379737795414,
        5.1709685793285886e-17
      ],
      "bic": -37.61620716294429,
      "residual_se": 0.010858672390065839,
      "converged": true,
      "weight": 0.006667521553439942
    },
    "gompertz": {
      "params": [
        0.9999999999999999,
        0.05782396096834821,
        0.4801242123646043
      ],
      "bic": -47.59632989874116,
      "residual_se": 0.005323325221018325,
      "converged": true,
      "weight": 0.9797618947265063
    },
    "shifted_logistic": {
      "params": [
        0.9951859576407889,
        3.236645527505236,
        8.102455350517764e-15,
        0.24999999999999997
      ],
      "bic": -35.80356671680539,
      "residual_se": 0.010755796245002563,
      "converged": true,
      "weight": 0.0026937330610565234
    },
    "unimodal": {
      "params": [
        0.9999999999999999,
        40.31429936547537,
        159.4422695757817,
        0.009320692367606794
      ],
      "bic": -36.517321090163136,
      "residual_se": 0.01022118308285133,
      "converged": true,
      "weight": 0.0038489684344363076
    }
  },
  "best_fit_family": "gompertz",
  "mean_elasticity_8_64": 2.5047639675548265e-05
}