{
  "schema_version": "v6.0-pilot",
  "problem_id": "gpqa_diamond_0156",
  "subject": "biology",
  "temperature": 0.7,
  "n_samples_used": 65,
  "R_at_N": {
    "1": 0.47692307692307695,
    "2": 0.4798076923076923,
    "4": 0.593,
    "8": 0.684,
    "16": 0.827,
    "32": 0.971,
    "64": 1.0
  },
  "R_at_N_ci_lower": {
    "1": 0.36923076923076925,
    "2": 0.34,
    "4": 0.4,
    "8": 0.44950000000000007,
    "16": 0.49,
    "32": 0.59,
    "64": 1.0
  },
  "R_at_N_ci_upper": {
    "1": 0.5846153846153846,
    "2": 0.61,
    "4": 0.74,
    "8": 0.86,
    "16": 0.97,
    "32": 1.0,
    "64": 1.0
  },
  "fits": {
    "constant": {
      "params": [
        0.7188186813186813
      ],
      "bic": -0.5471605978057479,
      "residual_se": 0.20250007640573964,
      "converged": true,
      "weight": 3.6720961500539296e-08
    },
    "logistic": {
      "params": [
        0.997326131918648,
        0.11792155796879103,
        1.721887230379234
      ],
      "bic": -32.19835024084604,
      "residual_se": 0.01598984509994434,
      "converged": true,
      "weight": 0.2740832832362496
    },
    "gompertz": {
      "params": [
        0.9999999999999999,
        0.8295915879406802,
        0.0968893905844167
      ],
      "bic": -33.8380281093516,
      "residual_se": 0.014222624790153876,
      "converged": true,
      "weight": 0.6222058259408532
    },
    "shifted_logistic": {
      "params": [
        0.9973261046297205,
        0.11792158298667736,
        1.7218870197089542,
        6.499164154000085e-20
      ],
      "bic": -30.252440091798498,
      "residual_se": 0.015989845099935462,
      "converged": true,
      "weight": 0.10359374370943038
    },
    "unimodal": {
      "params": [
        0.9999999999999999,
        47.28926881757492,
        35.457585122326826,
        0.09478010407089131
      ],
      "bic": -16.68220968693064,
      "residual_se": 0.04215089893499601,
      "converged": true,
      "weight": 0.00011711039250547389
    }
  },
  "best_fit_family": "gompertz",
  "mean_elasticity_8_64": 0.005713008104577303
}