{
  "schema_version": "v6.0-pilot",
  "problem_id": "gpqa_diamond_0096",
  "subject": "biology",
  "temperature": 0.7,
  "n_samples_used": 65,
  "R_at_N": {
    "1": 0.5692307692307692,
    "2": 0.5596153846153846,
    "4": 0.755,
    "8": 0.872,
    "16": 0.973,
    "32": 1.0,
    "64": 1.0
  },
  "R_at_N_ci_lower": {
    "1": 0.47692307692307695,
    "2": 0.44,
    "4": 0.57,
    "8": 0.68,
    "16": 0.84,
    "32": 0.97,
    "64": 1.0
  },
  "R_at_N_ci_upper": {
    "1": 0.676923076923077,
    "2": 0.7,
    "4": 0.87,
    "8": 0.97,
    "16": 1.0,
    "32": 1.0,
    "64": 1.0
  },
  "fits": {
    "constant": {
      "params": [
        0.8184065934041327
      ],
      "bic": -2.2268877625820984,
      "residual_se": 0.1796049563496757,
      "converged": true,
      "weight": 2.478586429585702e-06
    },
    "logistic": {
      "params": [
        0.9964356412159824,
        0.26225958420063206,
        0.28970467377176
      ],
      "bic": -26.351086173478535,
      "residual_se": 0.024279091760393487,
      "converged": true,
      "weight": 0.42924692498856204
    },
    "gompertz": {
      "params": [
        0.9992637406345692,
        0.7638544209253579,
        0.21919055452237016
      ],
      "bic": -26.251801888742754,
      "residual_se": 0.024451884612410962,
      "converged": true,
      "weight": 0.40845844924813335
    },
    "shifted_logistic": {
      "params": [
        0.9963325763008132,
        0.2638857059422759,
        0.3839290366164342,
        0.013194887967021268
      ],
      "bic": -24.40539977904141,
      "residual_se": 0.02427870372357247,
      "converged": true,
      "weight": 0.16225823979396226
    },
    "unimodal": {
      "params": [
        0.9999999999999981,
        43.450815577219764,
        37.966935140703654,
        0.11768770540138705
      ],
      "bic": -7.458776494809353,
      "residual_se": 0.081456787739267,
      "converged": true,
      "weight": 3.3907382912876265e-05
    }
  },
  "best_fit_family": "logistic",
  "mean_elasticity_8_64": 0.002196741869917524
}