{
  "schema_version": "v6.0-pilot",
  "problem_id": "gpqa_diamond_0106",
  "subject": "biology",
  "temperature": 0.7,
  "n_samples_used": 65,
  "R_at_N": {
    "1": 0.2923076923076923,
    "2": 0.29759615384615384,
    "4": 0.247,
    "8": 0.213,
    "16": 0.118,
    "32": 0.014,
    "64": 0.0
  },
  "R_at_N_ci_lower": {
    "1": 0.2,
    "2": 0.18,
    "4": 0.12,
    "8": 0.06,
    "16": 0.01,
    "32": 0.0,
    "64": 0.0
  },
  "R_at_N_ci_upper": {
    "1": 0.38461538461538464,
    "2": 0.42,
    "4": 0.43,
    "8": 0.42,
    "16": 0.4004999999999996,
    "32": 0.35,
    "64": 0.0
  },
  "fits": {
    "constant": {
      "params": [
        0.16884340659352015
      ],
      "bic": -8.291259558110907,
      "residual_se": 0.11646494636082398,
      "converged": true,
      "weight": 2.4855790032626113e-06
    },
    "logistic": {
      "params": [
        0.1688437007269785,
        9.999999999997637,
        1.6160607072923487e-11
      ],
      "bic": -4.399299709940568,
      "residual_se": 0.11646610727305415,
      "converged": true,
      "weight": 3.5505793970912777e-07
    },
    "gompertz": {
      "params": [
        0.16884340660436467,
        0.0001000000000088104,
        9.999999999999998
      ],
      "bic": -4.399439246044935,
      "residual_se": 0.1164649464769175,
      "converged": true,
      "weight": 3.550827122741503e-07
    },
    "shifted_logistic": {
      "params": [
        0.006902973071027452,
        0.3504832987015243,
        15.405947151677486,
        0.24999999999999997
      ],
      "bic": -23.198801558524472,
      "residual_se": 0.026463995883640134,
      "converged": true,
      "weight": 0.004291006637858495
    },
    "unimodal": {
      "params": [
        0.27983537820347093,
        7.904750022963665e-18,
        11.466437241665947,
        0.004773890814715458
      ],
      "bic": -34.09266251277074,
      "residual_se": 0.0121539259128347,
      "converged": true,
      "weight": 0.9957057976424862
    }
  },
  "best_fit_family": "unimodal",
  "mean_elasticity_8_64": 0.003944708359550574
}