{
  "schema_version": "v6.0-pilot",
  "problem_id": "gpqa_diamond_0171",
  "subject": "physics",
  "temperature": 0.7,
  "n_samples_used": 65,
  "R_at_N": {
    "1": 0.7846153846153846,
    "2": 0.7927884615384615,
    "4": 0.877,
    "8": 0.963,
    "16": 0.997,
    "32": 1.0,
    "64": 1.0
  },
  "R_at_N_ci_lower": {
    "1": 0.7076923076923077,
    "2": 0.67,
    "4": 0.77,
    "8": 0.8795000000000001,
    "16": 0.97,
    "32": 1.0,
    "64": 1.0
  },
  "R_at_N_ci_upper": {
    "1": 0.8615384615384616,
    "2": 0.88,
    "4": 0.97,
    "8": 1.0,
    "16": 1.0,
    "32": 1.0,
    "64": 1.0
  },
  "fits": {
    "constant": {
      "params": [
        0.9163434065934065
      ],
      "bic": -11.882288989092508,
      "residual_se": 0.09011514449636383,
      "converged": true,
      "weight": 2.3868484567797025e-06
    },
    "logistic": {
      "params": [
        0.9793531884792503,
        0.8803713561220006,
        1.6000859190624325e-30
      ],
      "bic": -16.327109923115373,
      "residual_se": 0.04968056757541866,
      "converged": true,
      "weight": 2.202954100186008e-05
    },
    "gompertz": {
      "params": [
        0.9999999999999999,
        0.33303431912454207,
        0.2380690087885559
      ],
      "bic": -37.77268045508335,
      "residual_se": 0.010737984361364535,
      "converged": true,
      "weight": 0.9996590915991327
    },
    "shifted_logistic": {
      "params": [
        0.9977325637101664,
        0.49379870049111324,
        1.3851594992343898e-28,
        0.24999999999999997
      ],
      "bic": -21.492165929336288,
      "residual_se": 0.02989489434840987,
      "converged": true,
      "weight": 0.0002914627844652898
    },
    "unimodal": {
      "params": [
        0.9999999999999999,
        42.14955008201481,
        56.12739402261615,
        0.06329730854723936
      ],
      "bic": -16.58242971173525,
      "residual_se": 0.04245238743792624,
      "converged": true,
      "weight": 2.5029226943447796e-05
    }
  },
  "best_fit_family": "gompertz",
  "mean_elasticity_8_64": 0.0009125829150285512
}