{
  "schema_version": "v6.0-pilot",
  "problem_id": "gpqa_diamond_0027",
  "subject": "chemistry",
  "temperature": 0.7,
  "n_samples_used": 66,
  "R_at_N": {
    "1": 0.21212121212121213,
    "2": 0.21212121212121213,
    "4": 0.157,
    "8": 0.075,
    "16": 0.017,
    "32": 0.0,
    "64": 0.0
  },
  "R_at_N_ci_lower": {
    "1": 0.13636363636363635,
    "2": 0.11,
    "4": 0.04,
    "8": 0.01,
    "16": 0.0,
    "32": 0.0,
    "64": 0.0
  },
  "R_at_N_ci_upper": {
    "1": 0.30303030303030304,
    "2": 0.32,
    "4": 0.28,
    "8": 0.21,
    "16": 0.12,
    "32": 0.02,
    "64": 0.0
  },
  "fits": {
    "constant": {
      "params": [
        0.09617748917748917
      ],
      "bic": -12.011808528511711,
      "residual_se": 0.08928529817560128,
      "converged": true,
      "weight": 9.385503246603578e-08
    },
    "logistic": {
      "params": [
        0.09617736082307363,
        9.999999999996044,
        2.7058185285601258e-11
      ],
      "bic": -8.119861216827562,
      "residual_se": 0.08928610821104604,
      "converged": true,
      "weight": 1.340701031768037e-08
    },
    "gompertz": {
      "params": [
        0.09617748916275153,
        0.00010000000000010391,
        9.999999999999998
      ],
      "bic": -8.119988217699273,
      "residual_se": 0.08928529825660735,
      "converged": true,
      "weight": 1.3407861695710187e-08
    },
    "shifted_logistic": {
      "params": [
        0.004060343939362369,
        0.3866493498087948,
        5.624454459116169,
        0.24999999999999997
      ],
      "bic": -43.138171058625666,
      "residual_se": 0.00636964975602571,
      "converged": true,
      "weight": 0.5388418376079285
    },
    "unimodal": {
      "params": [
        0.21352271028790623,
        3.3182179536153173e-15,
        5.286270440970219,
        0.004890875956483927
      ],
      "bic": -42.826808492246336,
      "residual_se": 0.00651289897415943,
      "converged": true,
      "weight": 0.46115804172216696
    }
  },
  "best_fit_family": "shifted_logistic",
  "mean_elasticity_8_64": 0.0013387444307122632
}