{
  "schema_version": "v6.0-pilot",
  "problem_id": "gpqa_diamond_0173",
  "subject": "physics",
  "temperature": 0.7,
  "n_samples_used": 65,
  "R_at_N": {
    "1": 0.2,
    "2": 0.20048076923076924,
    "4": 0.136,
    "8": 0.12,
    "16": 0.056,
    "32": 0.006,
    "64": 0.0
  },
  "R_at_N_ci_lower": {
    "1": 0.12307692307692308,
    "2": 0.1,
    "4": 0.05,
    "8": 0.01,
    "16": 0.0,
    "32": 0.0,
    "64": 0.0
  },
  "R_at_N_ci_upper": {
    "1": 0.27692307692307694,
    "2": 0.31,
    "4": 0.28,
    "8": 0.27,
    "16": 0.22049999999999956,
    "32": 0.13,
    "64": 0.0
  },
  "fits": {
    "constant": {
      "params": [
        0.10264010989015482
      ],
      "bic": -13.915511943894767,
      "residual_se": 0.07793366567938596,
      "converged": true,
      "weight": 6.711345760350754e-05
    },
    "logistic": {
      "params": [
        0.10264014409058678,
        9.999999999999998,
        5.0212067916086254e-15
      ],
      "bic": -10.023542250116417,
      "residual_se": 0.0779344973232534,
      "converged": true,
      "weight": 9.586920651547947e-06
    },
    "gompertz": {
      "params": [
        0.10264010989192568,
        0.00010000000000011975,
        9.999999999999998
      ],
      "bic": -10.023691630844095,
      "residual_se": 0.07793366576255258,
      "converged": true,
      "weight": 9.58763672888121e-06
    },
    "shifted_logistic": {
      "params": [
        0.003070087908194083,
        0.17614225394432165,
        7.507802278495915,
        0.24999999999999997
      ],
      "bic": -32.73454100536177,
      "residual_se": 0.01339204557768509,
      "converged": true,
      "weight": 0.8190489384944897
    },
    "unimodal": {
      "params": [
        0.1808426772874216,
        2.769909233076784e-20,
        8.955986839742609,
        0.005768184597208579
      ],
      "bic": -29.71375262181212,
      "residual_se": 0.016617087209549325,
      "converged": true,
      "weight": 0.18086477349052635
    }
  },
  "best_fit_family": "shifted_logistic",
  "mean_elasticity_8_64": 0.0021422348896479883
}