{
  "schema_version": "v6.0-pilot",
  "problem_id": "gpqa_diamond_0080",
  "subject": "chemistry",
  "temperature": 0.7,
  "n_samples_used": 65,
  "R_at_N": {
    "1": 0.6307692307692307,
    "2": 0.625,
    "4": 0.767,
    "8": 0.893,
    "16": 0.972,
    "32": 1.0,
    "64": 1.0
  },
  "R_at_N_ci_lower": {
    "1": 0.5230769230769231,
    "2": 0.5,
    "4": 0.6,
    "8": 0.7,
    "16": 0.8095000000000001,
    "32": 0.94,
    "64": 1.0
  },
  "R_at_N_ci_upper": {
    "1": 0.7384615384615385,
    "2": 0.75,
    "4": 0.89,
    "8": 0.97,
    "16": 1.0,
    "32": 1.0,
    "64": 1.0
  },
  "fits": {
    "constant": {
      "params": [
        0.84110989010989
      ],
      "bic": -4.3488912611853685,
      "residual_se": 0.1543446476468015,
      "converged": true,
      "weight": 1.1608197882623904e-06
    },
    "logistic": {
      "params": [
        0.9992827172297707,
        0.28838666505869376,
        3.1213797601178115e-27
      ],
      "bic": -25.930752576293713,
      "residual_se": 0.025019096341961523,
      "converged": true,
      "weight": 0.056390564482839314
    },
    "gompertz": {
      "params": [
        0.9999999999999999,
        0.6143603536078323,
        0.20078466297145922
      ],
      "bic": -30.589556157930538,
      "residual_se": 0.017937037380557005,
      "converged": true,
      "weight": 0.5792323190173948
    },
    "shifted_logistic": {
      "params": [
        0.9966124359018166,
        0.26708853194335225,
        1.278109047316372,
        0.24999999999998776
      ],
      "bic": -29.66238376017965,
      "residual_se": 0.01667817069445731,
      "converged": true,
      "weight": 0.3643509093937873
    },
    "unimodal": {
      "params": [
        0.9999999999999999,
        43.391875680198815,
        41.365701435886876,
        0.10171223206587687
      ],
      "bic": -10.492089443455978,
      "residual_se": 0.06558896446823341,
      "converged": true,
      "weight": 2.504628619041227e-05
    }
  },
  "best_fit_family": "gompertz",
  "mean_elasticity_8_64": 0.002161316013140388
}