{
  "schema_version": "v6.0-pilot",
  "problem_id": "gpqa_diamond_0165",
  "subject": "physics",
  "temperature": 0.7,
  "n_samples_used": 65,
  "R_at_N": {
    "1": 0.6923076923076923,
    "2": 0.6855769230769231,
    "4": 0.848,
    "8": 0.94,
    "16": 0.993,
    "32": 1.0,
    "64": 1.0
  },
  "R_at_N_ci_lower": {
    "1": 0.6,
    "2": 0.57,
    "4": 0.71,
    "8": 0.82,
    "16": 0.93,
    "32": 0.99,
    "64": 1.0
  },
  "R_at_N_ci_upper": {
    "1": 0.7846153846153846,
    "2": 0.81,
    "4": 0.94,
    "8": 1.0,
    "16": 1.0,
    "32": 1.0,
    "64": 1.0
  },
  "fits": {
    "constant": {
      "params": [
        0.8798406593406513
      ],
      "bic": -6.6977232549305565,
      "residual_se": 0.1305053679689518,
      "converged": true,
      "weight": 1.212319494785217e-05
    },
    "logistic": {
      "params": [
        0.9971374965195184,
        0.45025948371872615,
        2.2178233639745116e-23
      ],
      "bic": -21.26982330087838,
      "residual_se": 0.03490265520306402,
      "converged": true,
      "weight": 0.017697356877119576
    },
    "gompertz": {
      "params": [
        0.9999999999999999,
        0.5279069151839839,
        0.25989563104684205
      ],
      "bic": -28.37562571512992,
      "residual_se": 0.021010148677178635,
      "converged": true,
      "weight": 0.61789374349242
    },
    "shifted_logistic": {
      "params": [
        0.9994519350472874,
        0.3252542103516057,
        0.286402156497732,
        0.24999999999999997
      ],
      "bic": -27.319043352140582,
      "residual_se": 0.019717019130491675,
      "converged": true,
      "weight": 0.3643173487686591
    },
    "unimodal": {
      "params": [
        0.9999999999999999,
        42.431629115649436,
        46.15743962474589,
        0.08925361536501543
      ],
      "bic": -10.457175657201756,
      "residual_se": 0.06575273710102826,
      "converged": true,
      "weight": 7.942766685360207e-05
    }
  },
  "best_fit_family": "gompertz",
  "mean_elasticity_8_64": 0.0012113564184627883
}