{
  "schema_version": "v6.0-pilot",
  "problem_id": "gpqa_diamond_0026",
  "subject": "biology",
  "temperature": 0.7,
  "n_samples_used": 66,
  "R_at_N": {
    "1": 0.4090909090909091,
    "2": 0.4027972027972028,
    "4": 0.429,
    "8": 0.419,
    "16": 0.394,
    "32": 0.333,
    "64": 0.0
  },
  "R_at_N_ci_lower": {
    "1": 0.30303030303030304,
    "2": 0.28,
    "4": 0.25,
    "8": 0.19,
    "16": 0.09950000000000003,
    "32": 0.01,
    "64": 0.0
  },
  "R_at_N_ci_upper": {
    "1": 0.5,
    "2": 0.54,
    "4": 0.6,
    "8": 0.64,
    "16": 0.73,
    "32": 0.86,
    "64": 1.0
  },
  "fits": {
    "constant": {
      "params": [
        0.340984015984016
      ],
      "bic": -5.501614579563496,
      "residual_se": 0.1421454307521318,
      "converged": true,
      "weight": 8.024533566092375e-05
    },
    "logistic": {
      "params": [
        0.3409857856722148,
        9.999999999998726,
        1.1476994836509405e-12
      ],
      "bic": -1.6096899093974706,
      "residual_se": 0.1421464904711372,
      "converged": true,
      "weight": 1.1463021154983103e-05
    },
    "gompertz": {
      "params": [
        0.3409840161689403,
        0.00010000000000505092,
        9.999999999999966
      ],
      "bic": -1.6097942710161917,
      "residual_se": 0.14214543085809797,
      "converged": true,
      "weight": 1.1463619320310927e-05
    },
    "shifted_logistic": {
      "params": [
        5.1235626292629804e-05,
        5.411381810337929,
        52.22752649786665,
        0.24999999999999997
      ],
      "bic": 0.10705417787230953,
      "residual_se": 0.13983863412780503,
      "converged": true,
      "weight": 4.858619086697196e-06
    },
    "unimodal": {
      "params": [
        0.4330814465080535,
        10.980097394472496,
        24.429352778057066,
        5.788087553473544e-32
      ],
      "bic": -24.362242347198887,
      "residual_se": 0.024353662522483725,
      "converged": true,
      "weight": 0.9998919694047771
    }
  },
  "best_fit_family": "unimodal",
  "mean_elasticity_8_64": 0.007015938441784438
}