{
  "schema_version": "v6.0-pilot",
  "problem_id": "gpqa_diamond_0032",
  "subject": "chemistry",
  "temperature": 0.7,
  "n_samples_used": 66,
  "R_at_N": {
    "1": 0.0,
    "2": 0.0,
    "4": 0.0,
    "8": 0.0,
    "16": 0.0,
    "32": 0.0,
    "64": 0.0
  },
  "R_at_N_ci_lower": {
    "1": 0.0,
    "2": 0.0,
    "4": 0.0,
    "8": 0.0,
    "16": 0.0,
    "32": 0.0,
    "64": 0.0
  },
  "R_at_N_ci_upper": {
    "1": 0.0,
    "2": 0.0,
    "4": 0.0,
    "8": 0.0,
    "16": 0.0,
    "32": 0.0,
    "64": 0.0
  },
  "fits": {
    "constant": {
      "params": [
        1e-10
      ],
      "bic": -185.2274692409663,
      "residual_se": 1.0000000000000002e-10,
      "converged": true,
      "weight": 0.8355251469634367
    },
    "logistic": {
      "params": [
        0.35452596812986836,
        9.706983174146593,
        114.3195035292413
      ],
      "bic": -181.33564894285567,
      "residual_se": 0.0,
      "converged": true,
      "weight": 0.11936073528049158
    },
    "gompertz": {
      "params": [
        0.00010173342358407733,
        88.14781905944564,
        0.06067383724330249
      ],
      "bic": -142.02768944511425,
      "residual_se": 6.263607632069769e-06,
      "converged": true,
      "weight": 3.4773350101027733e-10
    },
    "shifted_logistic": {
      "params": [
        0.2816652107730489,
        0.03146414528124881,
        475.206599112551,
        1.1421685524495473e-10
      ],
      "bic": -179.38973879380035,
      "residual_se": 2.889701706888354e-07,
      "converged": true,
      "weight": 0.04511411740828467
    },
    "unimodal": {
      "params": [
        0.283892435017427,
        1601.2711383117135,
        75.20268385980643,
        1.9108953911877098e-05
      ],
      "bic": -124.46616952078412,
      "residual_se": 1.9108953911877098e-05,
      "converged": true,
      "weight": 5.343316932390314e-14
    }
  },
  "best_fit_family": "constant",
  "mean_elasticity_8_64": 0.0
}