{
  "schema_version": "v6.0-pilot",
  "problem_id": "gpqa_diamond_0134",
  "subject": "physics",
  "temperature": 0.7,
  "n_samples_used": 65,
  "R_at_N": {
    "1": 0.3076923076923077,
    "2": 0.30528846153846156,
    "4": 0.281,
    "8": 0.249,
    "16": 0.137,
    "32": 0.016,
    "64": 0.0
  },
  "R_at_N_ci_lower": {
    "1": 0.2153846153846154,
    "2": 0.2,
    "4": 0.14,
    "8": 0.07,
    "16": 0.01,
    "32": 0.0,
    "64": 0.0
  },
  "R_at_N_ci_upper": {
    "1": 0.4,
    "2": 0.44,
    "4": 0.44,
    "8": 0.45049999999999957,
    "16": 0.43,
    "32": 0.36,
    "64": 0.0
  },
  "fits": {
    "constant": {
      "params": [
        0.18514011038167172
      ],
      "bic": -7.394579902799228,
      "residual_se": 0.12416842187165711,
      "converged": true,
      "weight": 8.575205008632731e-10
    },
    "logistic": {
      "params": [
        0.18514051530872142,
        9.999999999978794,
        1.4237009993503264e-10
      ],
      "bic": -3.5026259775733024,
      "residual_se": 0.12416960703931504,
      "converged": true,
      "weight": 1.2249474411168823e-10
    },
    "gompertz": {
      "params": [
        0.1851401099123612,
        0.00010000000001206093,
        9.999999999999998
      ],
      "bic": -3.5027595913256064,
      "residual_se": 0.12416842199017583,
      "converged": true,
      "weight": 1.2250292787625021e-10
    },
    "shifted_logistic": {
      "params": [
        0.008000022262330864,
        1.04867025504742,
        16.126271301033306,
        0.24999999999999997
      ],
      "bic": -20.24575997921881,
      "residual_se": 0.032678478280863864,
      "converged": true,
      "weight": 5.294717681583025e-07
    },
    "unimodal": {
      "params": [
        0.30280091797189457,
        9.16234568609917e-13,
        12.576570635410937,
        0.0018906443973654343
      ],
      "bic": -49.14853090057431,
      "residual_se": 0.0041463692319253015,
      "converged": true,
      "weight": 0.9999994694257137
    }
  },
  "best_fit_family": "unimodal",
  "mean_elasticity_8_64": 0.0044347084424700344
}