{
  "schema_version": "v6.0-pilot",
  "problem_id": "gpqa_diamond_0029",
  "subject": "chemistry",
  "temperature": 0.7,
  "n_samples_used": 71,
  "R_at_N": {
    "1": 0.04225352112676056,
    "2": 0.03943661971830986,
    "4": 0.015,
    "8": 0.002,
    "16": 0.0,
    "32": 0.0,
    "64": 0.0
  },
  "R_at_N_ci_lower": {
    "1": 0.014084507042253521,
    "2": 0.0,
    "4": 0.0,
    "8": 0.0,
    "16": 0.0,
    "32": 0.0,
    "64": 0.0
  },
  "R_at_N_ci_upper": {
    "1": 0.08450704225352113,
    "2": 0.1,
    "4": 0.05,
    "8": 0.02,
    "16": 0.0,
    "32": 0.0,
    "64": 0.0
  },
  "fits": {
    "constant": {
      "params": [
        0.014098591560943924
      ],
      "bic": -34.71506812601379,
      "residual_se": 0.01764011271708022,
      "converged": true,
      "weight": 7.185852723032807e-10
    },
    "logistic": {
      "params": [
        0.014098500378724132,
        9.999999999999893,
        2.951276282888338e-14
      ],
      "bic": -30.823132000502753,
      "residual_se": 0.017640258661141012,
      "converged": true,
      "weight": 1.0264909393947023e-10
    },
    "gompertz": {
      "params": [
        0.01409859168784862,
        0.00010000000000011105,
        9.999999999999998
      ],
      "bic": -30.823247816319913,
      "residual_se": 0.01764011273167521,
      "converged": true,
      "weight": 1.0265503830592917e-10
    },
    "shifted_logistic": {
      "params": [
        0.0004812088108643225,
        1.4813424232493044,
        3.5523630036328315,
        0.04326537840671938
      ],
      "bic": -75.38535976139737,
      "residual_se": 0.0006364648178461704,
      "converged": true,
      "weight": 0.4874386128885251
    },
    "unimodal": {
      "params": [
        0.04215339207462334,
        1.2455542241066861,
        1.8899994535619167,
        0.0004741826872789809
      ],
      "bic": -75.48587200447272,
      "residual_se": 0.0006319117170254044,
      "converged": true,
      "weight": 0.5125613861875854
    }
  },
  "best_fit_family": "unimodal",
  "mean_elasticity_8_64": 2.036373260451509e-06
}