{
  "schema_version": "v6.0-pilot",
  "problem_id": "gpqa_diamond_0178",
  "subject": "physics",
  "temperature": 0.7,
  "n_samples_used": 65,
  "R_at_N": {
    "1": 0.3076923076923077,
    "2": 0.30240384615384613,
    "4": 0.209,
    "8": 0.129,
    "16": 0.04,
    "32": 0.0,
    "64": 0.0
  },
  "R_at_N_ci_lower": {
    "1": 0.2153846153846154,
    "2": 0.19,
    "4": 0.1,
    "8": 0.03,
    "16": 0.0,
    "32": 0.0,
    "64": 0.0
  },
  "R_at_N_ci_upper": {
    "1": 0.4,
    "2": 0.43,
    "4": 0.38,
    "8": 0.3,
    "16": 0.21,
    "32": 0.08,
    "64": 0.0
  },
  "fits": {
    "constant": {
      "params": [
        0.14115659340749723
      ],
      "bic": -7.352948537698959,
      "residual_se": 0.12453820718763751,
      "converged": true,
      "weight": 1.9697017866089204e-05
    },
    "logistic": {
      "params": [
        0.1411564287141581,
        9.999999999999568,
        7.175094720605001e-13
      ],
      "bic": -3.4609906162992807,
      "residual_se": 0.12453943143348953,
      "converged": true,
      "weight": 2.813666075504235e-06
    },
    "gompertz": {
      "params": [
        0.14115659340951986,
        0.00010000000000039666,
        9.999999999999998
      ],
      "bic": -3.4611282258255045,
      "residual_se": 0.12453820731006592,
      "converged": true,
      "weight": 2.813859675792271e-06
    },
    "shifted_logistic": {
      "params": [
        0.013230710969551104,
        0.7535207372955943,
        7.9074120982866996,
        0.24999999999999997
      ],
      "bic": -19.420862549259354,
      "residual_se": 0.03466179076847795,
      "converged": true,
      "weight": 0.00822081188559183
    },
    "unimodal": {
      "params": [
        0.29403993904815906,
        1.7454614980169728e-16,
        5.65989214570362,
        0.011372917869117692
      ],
      "bic": -29.006474511999023,
      "residual_se": 0.017478147404816808,
      "converged": true,
      "weight": 0.9917538635707908
    }
  },
  "best_fit_family": "unimodal",
  "mean_elasticity_8_64": 0.0020511718468048264
}