{
  "schema_version": "v6.0-pilot",
  "problem_id": "gpqa_diamond_0065",
  "subject": "physics",
  "temperature": 0.7,
  "n_samples_used": 65,
  "R_at_N": {
    "1": 0.7076923076923077,
    "2": 0.7139423076923077,
    "4": 0.807,
    "8": 0.901,
    "16": 0.98,
    "32": 1.0,
    "64": 1.0
  },
  "R_at_N_ci_lower": {
    "1": 0.6153846153846154,
    "2": 0.59,
    "4": 0.66,
    "8": 0.74,
    "16": 0.8695,
    "32": 0.97,
    "64": 1.0
  },
  "R_at_N_ci_upper": {
    "1": 0.8,
    "2": 0.82,
    "4": 0.93,
    "8": 0.99,
    "16": 1.0,
    "32": 1.0,
    "64": 1.0
  },
  "fits": {
    "constant": {
      "params": [
        0.8728049450549451
      ],
      "bic": -7.8260786808535965,
      "residual_se": 0.12039976049651192,
      "converged": true,
      "weight": 1.981014043112506e-07
    },
    "logistic": {
      "params": [
        0.9893448207922296,
        0.43794880756293303,
        5.063441613002246e-32
      ],
      "bic": -16.56660096777879,
      "residual_se": 0.04883793458801969,
      "converged": true,
      "weight": 1.566274413076002e-05
    },
    "gompertz": {
      "params": [
        0.9999999999999999,
        0.439364412843078,
        0.17679956038603062
      ],
      "bic": -38.6406096389045,
      "residual_se": 0.010092498790619143,
      "converged": true,
      "weight": 0.9731458455855684
    },
    "shifted_logistic": {
      "params": [
        0.9999999999999999,
        0.253803895274933,
        2.256202388484205e-25,
        0.24999999999999997
      ],
      "bic": -31.458454519935636,
      "residual_se": 0.014670078625709466,
      "converged": true,
      "weight": 0.026828275952066043
    },
    "unimodal": {
      "params": [
        0.9999999999999999,
        43.32953973307438,
        47.44879878199624,
        0.07970451362058553
      ],
      "bic": -15.672721605860723,
      "residual_se": 0.045302503812995304,
      "converged": true,
      "weight": 1.0017616830510832e-05
    }
  },
  "best_fit_family": "gompertz",
  "mean_elasticity_8_64": 0.0018767198829083276
}