{
  "schema_version": "v6.0-pilot",
  "problem_id": "gpqa_diamond_0107",
  "subject": "physics",
  "temperature": 0.7,
  "n_samples_used": 65,
  "R_at_N": {
    "1": 0.9846153846153847,
    "2": 0.9865384615384616,
    "4": 1.0,
    "8": 1.0,
    "16": 1.0,
    "32": 1.0,
    "64": 1.0
  },
  "R_at_N_ci_lower": {
    "1": 0.9538461538461539,
    "2": 0.95,
    "4": 0.99,
    "8": 1.0,
    "16": 1.0,
    "32": 1.0,
    "64": 1.0
  },
  "R_at_N_ci_upper": {
    "1": 1.0,
    "2": 1.0,
    "4": 1.0,
    "8": 1.0,
    "16": 1.0,
    "32": 1.0,
    "64": 1.0
  },
  "fits": {
    "constant": {
      "params": [
        0.995879120879121
      ],
      "bic": -48.615137287488054,
      "residual_se": 0.006535921567785865,
      "converged": true,
      "weight": 0.001457299980984536
    },
    "logistic": {
      "params": [
        0.9978398470165118,
        4.286397101210593,
        1.911831035296117e-16
      ],
      "bic": -49.69781122255448,
      "residual_se": 0.004581343706508333,
      "converged": true,
      "weight": 0.0025040824075063493
    },
    "gompertz": {
      "params": [
        0.9999999999999999,
        0.02900029572116039,
        0.5368645053174721
      ],
      "bic": -61.66591050532139,
      "residual_se": 0.0019486330101578834,
      "converged": true,
      "weight": 0.9942334163843236
    },
    "shifted_logistic": {
      "params": [
        0.9978703466794183,
        3.98262420058655,
        1.234350271829071e-18,
        0.24999999999999997
      ],
      "bic": -47.822115320448326,
      "residual_se": 0.0045584243997328295,
      "converged": true,
      "weight": 0.0009802716145536935
    },
    "unimodal": {
      "params": [
        0.9999999999999999,
        40.223343731573756,
        234.92498725761214,
        0.004335315944776412
      ],
      "bic": -47.47705206785151,
      "residual_se": 0.004672173647934454,
      "converged": true,
      "weight": 0.0008249296126319048
    }
  },
  "best_fit_family": "gompertz",
  "mean_elasticity_8_64": 8.105286685227096e-06
}