{
  "schema_version": "v6.0-pilot",
  "problem_id": "gpqa_diamond_0051",
  "subject": "physics",
  "temperature": 0.7,
  "n_samples_used": 65,
  "R_at_N": {
    "1": 0.13846153846153847,
    "2": 0.15048076923076922,
    "4": 0.095,
    "8": 0.05,
    "16": 0.012,
    "32": 0.0,
    "64": 0.0
  },
  "R_at_N_ci_lower": {
    "1": 0.07692307692307693,
    "2": 0.06,
    "4": 0.02,
    "8": 0.0,
    "16": 0.0,
    "32": 0.0,
    "64": 0.0
  },
  "R_at_N_ci_upper": {
    "1": 0.2153846153846154,
    "2": 0.24,
    "4": 0.21,
    "8": 0.2,
    "16": 0.13049999999999956,
    "32": 0.06,
    "64": 0.0
  },
  "fits": {
    "constant": {
      "params": [
        0.06370604407785013
      ],
      "bic": -17.611274752217746,
      "residual_se": 0.05985200711005472,
      "converged": true,
      "weight": 9.627416649517799e-06
    },
    "logistic": {
      "params": [
        0.06370597226773558,
        9.999999999999977,
        1.527884449708256e-13
      ],
      "bic": -13.719333739650143,
      "residual_se": 0.05985252318388944,
      "converged": true,
      "weight": 1.3752622261238995e-06
    },
    "gompertz": {
      "params": [
        0.06370604398101733,
        0.00010000000000971375,
        9.999999999999998
      ],
      "bic": -13.719454442035257,
      "residual_se": 0.059852007161663674,
      "converged": true,
      "weight": 1.375345227343911e-06
    },
    "shifted_logistic": {
      "params": [
        0.0014903646919421669,
        0.2753809998738734,
        3.295416826226105,
        0.22626983539246703
      ],
      "bic": -39.74223555765611,
      "residual_se": 0.00811822314901181,
      "converged": true,
      "weight": 0.6154415962775184
    },
    "unimodal": {
      "params": [
        0.1425812009586922,
        9.909913160403003e-15,
        5.055537777636473,
        0.004041729777882788
      ],
      "bic": -38.801682420943415,
      "residual_se": 0.008682362535291943,
      "converged": true,
      "weight": 0.3845460256983786
    }
  },
  "best_fit_family": "shifted_logistic",
  "mean_elasticity_8_64": 0.0009070165011573206
}