{
  "schema_version": "v6.0-pilot",
  "problem_id": "gpqa_diamond_0075",
  "subject": "biology",
  "temperature": 0.7,
  "n_samples_used": 65,
  "R_at_N": {
    "1": 0.5384615384615384,
    "2": 0.5365384615384615,
    "4": 0.579,
    "8": 0.635,
    "16": 0.712,
    "32": 0.825,
    "64": 1.0
  },
  "R_at_N_ci_lower": {
    "1": 0.4307692307692308,
    "2": 0.41,
    "4": 0.41,
    "8": 0.41,
    "16": 0.36,
    "32": 0.2795000000000001,
    "64": 0.0
  },
  "R_at_N_ci_upper": {
    "1": 0.6461538461538462,
    "2": 0.67,
    "4": 0.75,
    "8": 0.86,
    "16": 0.95,
    "32": 1.0,
    "64": 1.0
  },
  "fits": {
    "constant": {
      "params": [
        0.6894285714285717
      ],
      "bic": -3.9447396376637105,
      "residual_se": 0.1588652004500043,
      "converged": true,
      "weight": 4.219355007045551e-07
    },
    "logistic": {
      "params": [
        0.9999999999999999,
        0.056182432068778196,
        1.2233162290309359e-21
      ],
      "bic": -27.31444167780208,
      "residual_se": 0.022664604878698685,
      "converged": true,
      "weight": 0.0501086136536407
    },
    "gompertz": {
      "params": [
        0.9999999999999999,
        0.6596017851833736,
        0.043181411251645846
      ],
      "bic": -30.06243449020719,
      "residual_se": 0.018625269803428327,
      "converged": true,
      "weight": 0.19798461560865427
    },
    "shifted_logistic": {
      "params": [
        0.9999999999999999,
        0.05624933431865234,
        5.881205296311222,
        0.19000604974164356
      ],
      "bic": -29.665139096214347,
      "residual_se": 0.016674888591392285,
      "converged": true,
      "weight": 0.16231544475044257
    },
    "unimodal": {
      "params": [
        0.9995933261031711,
        67.75612397057886,
        60.702854642206134,
        3.611108662888527e-21
      ],
      "bic": -32.244913659618945,
      "residual_se": 0.013868697177262829,
      "converged": true,
      "weight": 0.5895909040517617
    }
  },
  "best_fit_family": "unimodal",
  "mean_elasticity_8_64": 0.006807086482866677
}