{
  "schema_version": "v6.0-pilot",
  "problem_id": "gpqa_diamond_0160",
  "subject": "physics",
  "temperature": 0.7,
  "n_samples_used": 65,
  "R_at_N": {
    "1": 0.6153846153846154,
    "2": 0.6038461538461538,
    "4": 0.742,
    "8": 0.825,
    "16": 0.931,
    "32": 0.996,
    "64": 1.0
  },
  "R_at_N_ci_lower": {
    "1": 0.5230769230769231,
    "2": 0.48,
    "4": 0.5695,
    "8": 0.63,
    "16": 0.73,
    "32": 0.85,
    "64": 1.0
  },
  "R_at_N_ci_upper": {
    "1": 0.7230769230769231,
    "2": 0.75,
    "4": 0.87,
    "8": 0.95,
    "16": 1.0,
    "32": 1.0,
    "64": 1.0
  },
  "fits": {
    "constant": {
      "params": [
        0.8161758241754209
      ],
      "bic": -4.2019415479724085,
      "residual_se": 0.15597324430961268,
      "converged": true,
      "weight": 1.9705187374109983e-06
    },
    "logistic": {
      "params": [
        0.9973374756506133,
        0.22104620334271602,
        1.7768066017728067e-27
      ],
      "bic": -22.326791574495445,
      "residual_se": 0.03236459805522314,
      "converged": true,
      "weight": 0.01699580520311477
    },
    "gompertz": {
      "params": [
        0.9988311699872674,
        0.5887090392236547,
        0.14177625620057965
      ],
      "bic": -29.982152328013257,
      "residual_se": 0.018732382119580632,
      "converged": true,
      "weight": 0.7810560682600809
    },
    "shifted_logistic": {
      "params": [
        0.9953564258060383,
        0.17515081333646476,
        4.124451011266715e-12,
        0.13615978669257475
      ],
      "bic": -27.27408498484062,
      "residual_se": 0.01978043840467922,
      "converged": true,
      "weight": 0.20166608116054532
    },
    "unimodal": {
      "params": [
        0.9999999999999999,
        44.79499858194002,
        41.26489371369204,
        0.09143731792496629
      ],
      "bic": -14.1154617262902,
      "residual_se": 0.050632575377183534,
      "converged": true,
      "weight": 0.00028007485752154764
    }
  },
  "best_fit_family": "gompertz",
  "mean_elasticity_8_64": 0.003157401756060413
}