{
  "schema_version": "v6.0-pilot",
  "problem_id": "gpqa_diamond_0050",
  "subject": "physics",
  "temperature": 0.7,
  "n_samples_used": 65,
  "R_at_N": {
    "1": 0.5384615384615384,
    "2": 0.5326923076923077,
    "4": 0.658,
    "8": 0.769,
    "16": 0.927,
    "32": 0.996,
    "64": 1.0
  },
  "R_at_N_ci_lower": {
    "1": 0.4307692307692308,
    "2": 0.4,
    "4": 0.49,
    "8": 0.56,
    "16": 0.68,
    "32": 0.82,
    "64": 1.0
  },
  "R_at_N_ci_upper": {
    "1": 0.6461538461538462,
    "2": 0.6604999999999995,
    "4": 0.83,
    "8": 0.93,
    "16": 1.0,
    "32": 1.0,
    "64": 1.0
  },
  "fits": {
    "constant": {
      "params": [
        0.7744505494505495
      ],
      "bic": -1.4876552932938747,
      "residual_se": 0.18934335714595985,
      "converged": true,
      "weight": 5.455050968410552e-08
    },
    "logistic": {
      "params": [
        0.9999999999999999,
        0.16293135198861503,
        0.45628836897374625
      ],
      "bic": -33.4763253755132,
      "residual_se": 0.014594867142236588,
      "converged": true,
      "weight": 0.4820035787477015
    },
    "gompertz": {
      "params": [
        0.9999999999999999,
        0.7564049443469312,
        0.13721457831068856
      ],
      "bic": -32.748987324472644,
      "residual_se": 0.015373152121220892,
      "converged": true,
      "weight": 0.33505091766009987
    },
    "shifted_logistic": {
      "params": [
        0.9999999999999999,
        0.16567039715592183,
        0.8809266162441881,
        0.03598986139076988
      ],
      "bic": -31.53867159043414,
      "residual_se": 0.014586262498644777,
      "converged": true,
      "weight": 0.1829338562540822
    },
    "unimodal": {
      "params": [
        0.9999999999999999,
        44.97036241690188,
        36.06975761396973,
        0.11512400019959021
      ],
      "bic": -12.205678033336273,
      "residual_se": 0.05803279444593963,
      "converged": true,
      "weight": 1.1592787606780544e-05
    }
  },
  "best_fit_family": "logistic",
  "mean_elasticity_8_64": 0.004144642894306547
}