{
  "schema_version": "v6.0-pilot",
  "problem_id": "gpqa_diamond_0101",
  "subject": "biology",
  "temperature": 0.7,
  "n_samples_used": 65,
  "R_at_N": {
    "1": 0.36923076923076925,
    "2": 0.37403846153846154,
    "4": 0.426,
    "8": 0.494,
    "16": 0.622,
    "32": 0.801,
    "64": 1.0
  },
  "R_at_N_ci_lower": {
    "1": 0.26153846153846155,
    "2": 0.24,
    "4": 0.25,
    "8": 0.26,
    "16": 0.22,
    "32": 0.16900000000000007,
    "64": 0.0
  },
  "R_at_N_ci_upper": {
    "1": 0.47692307692307695,
    "2": 0.5,
    "4": 0.62,
    "8": 0.73,
    "16": 0.8904999999999995,
    "32": 0.99,
    "64": 1.0
  },
  "fits": {
    "constant": {
      "params": [
        0.5837527472527473
      ],
      "bic": 0.7374068925085862,
      "residual_se": 0.22195953369312807,
      "converged": true,
      "weight": 1.7203387435510195e-08
    },
    "logistic": {
      "params": [
        0.9999999999999999,
        0.06589379461793568,
        8.953870311479177
      ],
      "bic": -33.74134135490359,
      "residual_se": 0.014321188995343997,
      "converged": true,
      "weight": 0.5279332599438064
    },
    "gompertz": {
      "params": [
        0.9999999999999999,
        1.0688755037761895,
        0.05175766338921685
      ],
      "bic": -32.0154024400014,
      "residual_se": 0.01620016681732766,
      "converged": true,
      "weight": 0.2227389408023805
    },
    "shifted_logistic": {
      "params": [
        0.9999999999999999,
        0.06589379733261903,
        8.953870319544649,
        4.837456732827672e-12
      ],
      "bic": -31.795431205820897,
      "residual_se": 0.014321188995371999,
      "converged": true,
      "weight": 0.19954001637597252
    },
    "unimodal": {
      "params": [
        0.9999999999999999,
        58.4300745172352,
        41.21672523108264,
        0.004400999982156147
      ],
      "bic": -29.01894017603555,
      "residual_se": 0.017462591708881002,
      "converged": true,
      "weight": 0.049787765674453296
    }
  },
  "best_fit_family": "logistic",
  "mean_elasticity_8_64": 0.008749613452655802
}