{
  "schema_version": "v6.0-pilot",
  "problem_id": "gpqa_diamond_0046",
  "subject": "chemistry",
  "temperature": 0.7,
  "n_samples_used": 65,
  "R_at_N": {
    "1": 0.09230769230769231,
    "2": 0.09519230769230769,
    "4": 0.028,
    "8": 0.002,
    "16": 0.0,
    "32": 0.0,
    "64": 0.0
  },
  "R_at_N_ci_lower": {
    "1": 0.046153846153846156,
    "2": 0.03,
    "4": 0.0,
    "8": 0.0,
    "16": 0.0,
    "32": 0.0,
    "64": 0.0
  },
  "R_at_N_ci_upper": {
    "1": 0.15384615384615385,
    "2": 0.17,
    "4": 0.08,
    "8": 0.02,
    "16": 0.0,
    "32": 0.0,
    "64": 0.0
  },
  "fits": {
    "constant": {
      "params": [
        0.03107142857165992
      ],
      "bic": -23.00018448205146,
      "residual_se": 0.0407295080617636,
      "converged": true,
      "weight": 4.692106583284487e-12
    },
    "logistic": {
      "params": [
        0.031071232921247284,
        9.999999999999588,
        1.1382659212280324e-13
      ],
      "bic": -19.10826003885539,
      "residual_se": 0.040729811047040335,
      "converged": true,
      "weight": 6.702660371036156e-13
    },
    "gompertz": {
      "params": [
        0.03107142856256412,
        0.0001000000000058128,
        9.999999999999998
      ],
      "bic": -19.108364173525878,
      "residual_se": 0.04072950809206331,
      "converged": true,
      "weight": 6.703009369786355e-13
    },
    "shifted_logistic": {
      "params": [
        0.0004999999830796932,
        9.287647959207483,
        3.9061470726501897,
        0.09375000091962547
      ],
      "bic": -68.9010979330475,
      "residual_se": 0.0010113999115981046,
      "converged": true,
      "weight": 0.043513556579319684
    },
    "unimodal": {
      "params": [
        0.09853236757559318,
        1.5713926314890894,
        1.5203345480359585,
        0.0004958383792817658
      ],
      "bic": -75.08148609428571,
      "residual_se": 0.000650430469206059,
      "converged": true,
      "weight": 0.9564864434146477
    }
  },
  "best_fit_family": "unimodal",
  "mean_elasticity_8_64": 4.5109974933589187e-07
}