{
  "schema_version": "v6.0-pilot",
  "problem_id": "gpqa_diamond_0010",
  "subject": "biology",
  "temperature": 0.7,
  "n_samples_used": 66,
  "R_at_N": {
    "1": 0.803030303030303,
    "2": 0.8051282051282052,
    "4": 0.956,
    "8": 0.993,
    "16": 1.0,
    "32": 1.0,
    "64": 1.0
  },
  "R_at_N_ci_lower": {
    "1": 0.7272727272727273,
    "2": 0.69,
    "4": 0.87,
    "8": 0.96,
    "16": 1.0,
    "32": 1.0,
    "64": 1.0
  },
  "R_at_N_ci_upper": {
    "1": 0.8787878787878788,
    "2": 0.9,
    "4": 0.99,
    "8": 1.0,
    "16": 1.0,
    "32": 1.0,
    "64": 1.0
  },
  "fits": {
    "constant": {
      "params": [
        0.9367369297369298
      ],
      "bic": -12.67739052638419,
      "residual_se": 0.08513985599095004,
      "converged": true,
      "weight": 0.0003580216884904084
    },
    "logistic": {
      "params": [
        0.9935943061455533,
        0.9849752213670704,
        7.556317993999925e-21
      ],
      "bic": -19.313822424651086,
      "residual_se": 0.04013614319552721,
      "converged": true,
      "weight": 0.009885353696271993
    },
    "gompertz": {
      "params": [
        0.9999999999999999,
        0.37043981001798376,
        0.4066392448849912
      ],
      "bic": -28.370220051054766,
      "residual_se": 0.021018262658266822,
      "converged": true,
      "weight": 0.9153010708133197
    },
    "shifted_logistic": {
      "params": [
        0.9999999999999974,
        0.6745583258082566,
        1.487159691565315e-18,
        0.24999999999999997
      ],
      "bic": -23.3400405330676,
      "residual_se": 0.026198356115463235,
      "converged": true,
      "weight": 0.07400726701593896
    },
    "unimodal": {
      "params": [
        0.9999999999999999,
        41.11200753992943,
        60.856985740140665,
        0.058185980798510124
      ],
      "bic": -13.127069742267317,
      "residual_se": 0.05433641230604928,
      "converged": true,
      "weight": 0.00044828678597899814
    }
  },
  "best_fit_family": "gompertz",
  "mean_elasticity_8_64": 0.00028111589382625517
}