{
  "schema_version": "v6.0-pilot",
  "problem_id": "gpqa_diamond_0151",
  "subject": "biology",
  "temperature": 0.7,
  "n_samples_used": 65,
  "R_at_N": {
    "1": 0.4461538461538462,
    "2": 0.42980769230769234,
    "4": 0.463,
    "8": 0.525,
    "16": 0.524,
    "32": 0.558,
    "64": 0.8
  },
  "R_at_N_ci_lower": {
    "1": 0.35384615384615387,
    "2": 0.32,
    "4": 0.32,
    "8": 0.28,
    "16": 0.21,
    "32": 0.08950000000000002,
    "64": 0.0
  },
  "R_at_N_ci_upper": {
    "1": 0.5538461538461539,
    "2": 0.58,
    "4": 0.68,
    "8": 0.76,
    "16": 0.8504999999999995,
    "32": 0.97,
    "64": 1.0
  },
  "fits": {
    "constant": {
      "params": [
        0.5351373626373627
      ],
      "bic": -8.278786056347984,
      "residual_se": 0.11656875872292749,
      "converged": true,
      "weight": 0.00013736671760386664
    },
    "logistic": {
      "params": [
        0.9999999999999999,
        0.022720118745607868,
        11.280899738355918
      ],
      "bic": -23.07546725549779,
      "residual_se": 0.030679305472342763,
      "converged": true,
      "weight": 0.22435720369336537
    },
    "gompertz": {
      "params": [
        0.9999999999999999,
        0.8364881761050376,
        0.017506791374886498
      ],
      "bic": -22.176885987456465,
      "residual_se": 0.03271300530985816,
      "converged": true,
      "weight": 0.1431579844878561
    },
    "shifted_logistic": {
      "params": [
        0.9999999999999998,
        0.030192486760325838,
        35.30294785689099,
        0.24999999999999997
      ],
      "bic": -22.45652342372434,
      "residual_se": 0.027904976164303343,
      "converged": true,
      "weight": 0.1646410295150574
    },
    "unimodal": {
      "params": [
        0.9999999999999994,
        156.01320924013382,
        70.88955154035823,
        0.36531257708915277
      ],
      "bic": -24.544669937231696,
      "residual_se": 0.024038379710686456,
      "converged": true,
      "weight": 0.4677064155861172
    }
  },
  "best_fit_family": "unimodal",
  "mean_elasticity_8_64": 0.005671072617037665
}