{
  "schema_version": "v6.0-pilot",
  "problem_id": "gpqa_diamond_0079",
  "subject": "biology",
  "temperature": 0.7,
  "n_samples_used": 65,
  "R_at_N": {
    "1": 0.1076923076923077,
    "2": 0.10865384615384616,
    "4": 0.06,
    "8": 0.027,
    "16": 0.003,
    "32": 0.0,
    "64": 0.0
  },
  "R_at_N_ci_lower": {
    "1": 0.046153846153846156,
    "2": 0.03,
    "4": 0.01,
    "8": 0.0,
    "16": 0.0,
    "32": 0.0,
    "64": 0.0
  },
  "R_at_N_ci_upper": {
    "1": 0.16923076923076924,
    "2": 0.19,
    "4": 0.15,
    "8": 0.11,
    "16": 0.04,
    "32": 0.0,
    "64": 0.0
  },
  "fits": {
    "constant": {
      "params": [
        0.043763736263838164
      ],
      "bic": -21.525953569959476,
      "residual_se": 0.04525237032116232,
      "converged": true,
      "weight": 4.9294050209001984e-06
    },
    "logistic": {
      "params": [
        0.043763605463942104,
        9.999999999999998,
        3.4203122250446173e-16
      ],
      "bic": -17.63400921667091,
      "residual_se": 0.04525277130799978,
      "converged": true,
      "weight": 7.041570387534647e-07
    },
    "gompertz": {
      "params": [
        0.0437637362495942,
        0.00010000000250506022,
        9.999999999998153
      ],
      "bic": -17.63413325944284,
      "residual_se": 0.0452523703612624,
      "converged": true,
      "weight": 7.042007129032968e-07
    },
    "shifted_logistic": {
      "params": [
        0.0006816521349364368,
        0.33935422425195655,
        2.3059377682802125,
        0.18557274619616781
      ],
      "bic": -45.28396067843801,
      "residual_se": 0.0054645064014082635,
      "converged": true,
      "weight": 0.7108536491799973
    },
    "unimodal": {
      "params": [
        0.11058902422896207,
        3.818301884654613e-19,
        4.085572065136457,
        0.002303849749308092
      ],
      "bic": -43.48484962729055,
      "residual_se": 0.0062138565753361635,
      "converged": true,
      "weight": 0.28914001305723036
    }
  },
  "best_fit_family": "shifted_logistic",
  "mean_elasticity_8_64": 0.0004489581327467858
}