{
  "schema_version": "v6.0-pilot",
  "problem_id": "gpqa_diamond_0127",
  "subject": "biology",
  "temperature": 0.7,
  "n_samples_used": 65,
  "R_at_N": {
    "1": 0.09230769230769231,
    "2": 0.08990384615384615,
    "4": 0.028,
    "8": 0.004,
    "16": 0.0,
    "32": 0.0,
    "64": 0.0
  },
  "R_at_N_ci_lower": {
    "1": 0.03076923076923077,
    "2": 0.02,
    "4": 0.0,
    "8": 0.0,
    "16": 0.0,
    "32": 0.0,
    "64": 0.0
  },
  "R_at_N_ci_upper": {
    "1": 0.15384615384615385,
    "2": 0.18,
    "4": 0.09,
    "8": 0.02,
    "16": 0.0,
    "32": 0.0,
    "64": 0.0
  },
  "fits": {
    "constant": {
      "params": [
        0.030601648354867304
      ],
      "bic": -23.476623604494574,
      "residual_se": 0.03936674709802758,
      "converged": true,
      "weight": 4.0501035669761006e-10
    },
    "logistic": {
      "params": [
        0.030601446605296387,
        9.999999999999682,
        8.741679325344204e-14
      ],
      "bic": -19.584692669838077,
      "residual_se": 0.03936705819932261,
      "converged": true,
      "weight": 5.785542183483329e-11
    },
    "gompertz": {
      "params": [
        0.03060164833061553,
        0.00010000000000010657,
        9.999999999999998
      ],
      "bic": -19.58480329531981,
      "residual_se": 0.03936674712913894,
      "converged": true,
      "weight": 5.7858622065294866e-11
    },
    "shifted_logistic": {
      "params": [
        0.000997892867360572,
        2.1724460927612257,
        3.5982143244496942,
        0.09264684772272953
      ],
      "bic": -65.30905278243387,
      "residual_se": 0.0013072295832510473,
      "converged": true,
      "weight": 0.49120491893224905
    },
    "unimodal": {
      "params": [
        0.09456597756624466,
        1.4290295670546462,
        1.6245176045052172,
        0.0009896433366339817
      ],
      "bic": -65.37942068712847,
      "residual_se": 0.0013006755677235614,
      "converged": true,
      "weight": 0.5087950805470266
    }
  },
  "best_fit_family": "unimodal",
  "mean_elasticity_8_64": 8.689621768319252e-07
}