{
  "schema_version": "v6.0-pilot",
  "problem_id": "gpqa_diamond_0077",
  "subject": "physics",
  "temperature": 0.7,
  "n_samples_used": 65,
  "R_at_N": {
    "1": 0.9538461538461539,
    "2": 0.9548076923076924,
    "4": 0.997,
    "8": 1.0,
    "16": 1.0,
    "32": 1.0,
    "64": 1.0
  },
  "R_at_N_ci_lower": {
    "1": 0.9076923076923077,
    "2": 0.89,
    "4": 0.97,
    "8": 1.0,
    "16": 1.0,
    "32": 1.0,
    "64": 1.0
  },
  "R_at_N_ci_upper": {
    "1": 0.9846153846153847,
    "2": 1.0,
    "4": 1.0,
    "8": 1.0,
    "16": 1.0,
    "32": 1.0,
    "64": 1.0
  },
  "fits": {
    "constant": {
      "params": [
        0.9865219780209795
      ],
      "bic": -32.68772287155377,
      "residual_se": 0.020388801738310036,
      "converged": true,
      "weight": 0.0021681379050062406
    },
    "logistic": {
      "params": [
        0.992871297639947,
        3.1065004042243,
        1.8034905032722664e-18
      ],
      "bic": -33.27609937565427,
      "residual_se": 0.014805100628144593,
      "converged": true,
      "weight": 0.0029097202511152204
    },
    "gompertz": {
      "params": [
        0.9999999999999999,
        0.0848152186173063,
        0.4702134006300575
      ],
      "bic": -44.93973656510314,
      "residual_se": 0.0064356626800562335,
      "converged": true,
      "weight": 0.992151222446686
    },
    "shifted_logistic": {
      "params": [
        0.9932886081696454,
        2.75360281400051,
        1.0432246570926884e-14,
        0.24999999999999997
      ],
      "bic": -31.59034446691431,
      "residual_se": 0.014532525005722408,
      "converged": true,
      "weight": 0.0012525475139601794
    },
    "unimodal": {
      "params": [
        0.9999999999999998,
        40.42206876242241,
        130.87611385983212,
        0.013687457080057249
      ],
      "bic": -31.975262752477867,
      "residual_se": 0.014138408173691218,
      "converged": true,
      "weight": 0.0015183718832323873
    }
  },
  "best_fit_family": "gompertz",
  "mean_elasticity_8_64": 3.964833169012014e-05
}