{
  "schema_version": "v6.0-pilot",
  "problem_id": "gpqa_diamond_0121",
  "subject": "chemistry",
  "temperature": 0.7,
  "n_samples_used": 72,
  "R_at_N": {
    "1": 0.3611111111111111,
    "2": 0.3489827856025039,
    "4": 0.403,
    "8": 0.473,
    "16": 0.528,
    "32": 0.699,
    "64": 0.998
  },
  "R_at_N_ci_lower": {
    "1": 0.2638888888888889,
    "2": 0.23950000000000002,
    "4": 0.25,
    "8": 0.23950000000000002,
    "16": 0.22,
    "32": 0.15,
    "64": 0.0
  },
  "R_at_N_ci_upper": {
    "1": 0.4583333333333333,
    "2": 0.49,
    "4": 0.59,
    "8": 0.7,
    "16": 0.8304999999999995,
    "32": 0.97,
    "64": 1.0
  },
  "fits": {
    "constant": {
      "params": [
        0.5444419852448021
      ],
      "bic": 0.3607807242837513,
      "residual_se": 0.21606800917888097,
      "converged": true,
      "weight": 4.6399299166605976e-07
    },
    "logistic": {
      "params": [
        0.9999999999999999,
        0.052300459186300365,
        12.461784748935774
      ],
      "bic": -22.795160122244653,
      "residual_se": 0.03129975520327364,
      "converged": true,
      "weight": 0.049517657010083226
    },
    "gompertz": {
      "params": [
        0.9999999999999999,
        1.1045186579069124,
        0.04048984354929327
      ],
      "bic": -20.331798963883692,
      "residual_se": 0.03732131626262969,
      "converged": true,
      "weight": 0.01444933993192662
    },
    "shifted_logistic": {
      "params": [
        0.9979999991106524,
        6.767631365466844,
        31.93992295156734,
        0.24999999999999997
      ],
      "bic": 1.7285508916436916,
      "residual_se": 0.1570101320015354,
      "converged": true,
      "weight": 2.3415525172370678e-07
    },
    "unimodal": {
      "params": [
        0.9999999999999999,
        77.74991304421859,
        52.17465381432578,
        0.02900961041987688
      ],
      "bic": -28.673801475105314,
      "residual_se": 0.01789844326596164,
      "converged": true,
      "weight": 0.9360323049097468
    }
  },
  "best_fit_family": "unimodal",
  "mean_elasticity_8_64": 0.009918018901685423
}