{
  "schema_version": "v6.0-pilot",
  "problem_id": "gpqa_diamond_0030",
  "subject": "chemistry",
  "temperature": 0.7,
  "n_samples_used": 66,
  "R_at_N": {
    "1": 0.12121212121212122,
    "2": 0.12074592074592075,
    "4": 0.054,
    "8": 0.016,
    "16": 0.002,
    "32": 0.0,
    "64": 0.0
  },
  "R_at_N_ci_lower": {
    "1": 0.06060606060606061,
    "2": 0.04,
    "4": 0.0,
    "8": 0.0,
    "16": 0.0,
    "32": 0.0,
    "64": 0.0
  },
  "R_at_N_ci_upper": {
    "1": 0.18181818181818182,
    "2": 0.21,
    "4": 0.13,
    "8": 0.07,
    "16": 0.02,
    "32": 0.0,
    "64": 0.0
  },
  "fits": {
    "constant": {
      "params": [
        0.04485114885120157
      ],
      "bic": -19.79088062800106,
      "residual_se": 0.05122300938424166,
      "converged": true,
      "weight": 7.822434084090792e-07
    },
    "logistic": {
      "params": [
        0.044850944470022074,
        9.999999999998433,
        5.223736833954854e-13
      ],
      "bic": -15.89894180717199,
      "residual_se": 0.05122344303538576,
      "converged": true,
      "weight": 1.1174243613928741e-07
    },
    "gompertz": {
      "params": [
        0.044851148840290844,
        0.00010000000000015621,
        9.999999999999998
      ],
      "bic": -15.89906031803767,
      "residual_se": 0.051223009427608386,
      "converged": true,
      "weight": 1.1174905768188665e-07
    },
    "shifted_logistic": {
      "params": [
        0.004499485184243564,
        2.777942783896138,
        3.8894270500802404,
        0.12130293984913673
      ],
      "bic": -46.37039785881804,
      "residual_se": 0.0050564827952172195,
      "converged": true,
      "weight": 0.46239246116076055
    },
    "unimodal": {
      "params": [
        0.12059847907402467,
        1.4607218005463969,
        1.919065463683571,
        0.0043200522197074185
      ],
      "bic": -46.67182371477751,
      "residual_se": 0.004948778228369417,
      "converged": true,
      "weight": 0.5376065331043373
    }
  },
  "best_fit_family": "unimodal",
  "mean_elasticity_8_64": 1.013033882765984e-05
}