{
  "schema_version": "v6.0-pilot",
  "problem_id": "gpqa_diamond_0052",
  "subject": "chemistry",
  "temperature": 0.7,
  "n_samples_used": 65,
  "R_at_N": {
    "1": 0.12307692307692308,
    "2": 0.12115384615384615,
    "4": 0.082,
    "8": 0.042,
    "16": 0.011,
    "32": 0.0,
    "64": 0.0
  },
  "R_at_N_ci_lower": {
    "1": 0.06153846153846154,
    "2": 0.05,
    "4": 0.01,
    "8": 0.0,
    "16": 0.0,
    "32": 0.0,
    "64": 0.0
  },
  "R_at_N_ci_upper": {
    "1": 0.2,
    "2": 0.22,
    "4": 0.18,
    "8": 0.13049999999999956,
    "16": 0.07049999999999955,
    "32": 0.02,
    "64": 0.0
  },
  "fits": {
    "constant": {
      "params": [
        0.05417582417582418
      ],
      "bic": -19.974897900595312,
      "residual_se": 0.050554134995558345,
      "converged": true,
      "weight": 2.7655149022648806e-07
    },
    "logistic": {
      "params": [
        0.05417572866273469,
        9.99999999999976,
        7.532253215422854e-14
      ],
      "bic": -16.08294498325835,
      "residual_se": 0.050554613887131644,
      "converged": true,
      "weight": 3.9504736116018616e-08
    },
    "gompertz": {
      "params": [
        0.054175824174294535,
        0.00010000000000191258,
        9.999999999999998
      ],
      "bic": -16.08307758922227,
      "residual_se": 0.05055413504344906,
      "converged": true,
      "weight": 3.950735548465966e-08
    },
    "shifted_logistic": {
      "params": [
        0.0007787713698853269,
        0.2337723898676646,
        1.188065167084361,
        0.24910525904056632
      ],
      "bic": -50.01974144918636,
      "residual_se": 0.0038962078834586474,
      "converged": true,
      "weight": 0.9245510250838604
    },
    "unimodal": {
      "params": [
        0.12111212823242455,
        1.7435710956995868e-14,
        4.997549520997227,
        0.003779700702139899
      ],
      "bic": -45.00802873881911,
      "residual_se": 0.005573277058876928,
      "converged": true,
      "weight": 0.07544861935255781
    }
  },
  "best_fit_family": "shifted_logistic",
  "mean_elasticity_8_64": 0.0007834625015808483
}