{
  "schema_version": "v6.0-pilot",
  "problem_id": "gpqa_diamond_0047",
  "subject": "chemistry",
  "temperature": 0.7,
  "n_samples_used": 65,
  "R_at_N": {
    "1": 0.2923076923076923,
    "2": 0.29423076923076924,
    "4": 0.28,
    "8": 0.294,
    "16": 0.262,
    "32": 0.21,
    "64": 0.0
  },
  "R_at_N_ci_lower": {
    "1": 0.2,
    "2": 0.17,
    "4": 0.15,
    "8": 0.1,
    "16": 0.04,
    "32": 0.0,
    "64": 0.0
  },
  "R_at_N_ci_upper": {
    "1": 0.38461538461538464,
    "2": 0.42,
    "4": 0.46,
    "8": 0.52,
    "16": 0.59,
    "32": 0.73,
    "64": 1.0
  },
  "fits": {
    "constant": {
      "params": [
        0.2332197802197802
      ],
      "bic": -10.540560887516069,
      "residual_se": 0.0991789661917432,
      "converged": true,
      "weight": 4.5693317645051956e-05
    },
    "logistic": {
      "params": [
        0.23322090953150537,
        9.99999999999675,
        2.2611265059020513e-13
      ],
      "bic": -6.648613373166324,
      "residual_se": 0.09917986742262921,
      "converged": true,
      "weight": 6.527201610210799e-06
    },
    "gompertz": {
      "params": [
        0.23321978032387816,
        0.0001000000000228815,
        9.999999999999998
      ],
      "bic": -6.648740576684176,
      "residual_se": 0.09917896628186336,
      "converged": true,
      "weight": 6.527616764916219e-06
    },
    "shifted_logistic": {
      "params": [
        3.2513702120641426e-07,
        0.8901808324213671,
        33.8627600836557,
        0.24999999999999997
      ],
      "bic": -20.984698800793353,
      "residual_se": 0.03099839287119003,
      "converged": true,
      "weight": 0.008467757728766168
    },
    "unimodal": {
      "params": [
        0.29414622709553995,
        7.929410991105019,
        25.51604250196558,
        2.488340403414246e-34
      ],
      "bic": -30.510551744493725,
      "residual_se": 0.01569774847554543,
      "converged": true,
      "weight": 0.9914734941352136
    }
  },
  "best_fit_family": "unimodal",
  "mean_elasticity_8_64": 0.004746279260989429
}