{
  "schema_version": "v6.0-pilot",
  "problem_id": "gpqa_diamond_0195",
  "subject": "physics",
  "temperature": 0.7,
  "n_samples_used": 65,
  "R_at_N": {
    "1": 0.7846153846153846,
    "2": 0.7836538461538461,
    "4": 0.894,
    "8": 0.977,
    "16": 1.0,
    "32": 1.0,
    "64": 1.0
  },
  "R_at_N_ci_lower": {
    "1": 0.6923076923076923,
    "2": 0.67,
    "4": 0.78,
    "8": 0.8895000000000001,
    "16": 0.97,
    "32": 1.0,
    "64": 1.0
  },
  "R_at_N_ci_upper": {
    "1": 0.8769230769230769,
    "2": 0.89,
    "4": 0.97,
    "8": 1.0,
    "16": 1.0,
    "32": 1.0,
    "64": 1.0
  },
  "fits": {
    "constant": {
      "params": [
        0.9198956041677412
      ],
      "bic": -11.499042673882062,
      "residual_se": 0.0926160981551447,
      "converged": true,
      "weight": 2.6342373747215708e-05
    },
    "logistic": {
      "params": [
        0.9874051818009499,
        0.8313852439556002,
        3.78735111361628e-27
      ],
      "bic": -17.057399067950648,
      "residual_se": 0.047155485880300864,
      "converged": true,
      "weight": 0.000424264469148247
    },
    "gompertz": {
      "params": [
        0.9999999999999999,
        0.3563645425791725,
        0.27900332235154485
      ],
      "bic": -32.57123432188632,
      "residual_se": 0.015569583919540829,
      "converged": true,
      "weight": 0.9917979000679006
    },
    "shifted_logistic": {
      "params": [
        0.9999999999999999,
        0.5069930238102124,
        5.576355354332407e-25,
        0.24999999999999997
      ],
      "bic": -22.835491324324707,
      "residual_se": 0.02715974446958497,
      "converged": true,
      "weight": 0.0076266436351945625
    },
    "unimodal": {
      "params": [
        0.9999999999999999,
        41.75479725497701,
        55.8841909884487,
        0.06559303707182276
      ],
      "bic": -14.610902337492707,
      "residual_se": 0.048872092899846856,
      "converged": true,
      "weight": 0.0001248494540094748
    }
  },
  "best_fit_family": "gompertz",
  "mean_elasticity_8_64": 0.0007159404081480246
}