{
  "schema_version": "v6.0-pilot",
  "problem_id": "gpqa_diamond_0070",
  "subject": "physics",
  "temperature": 0.7,
  "n_samples_used": 65,
  "R_at_N": {
    "1": 0.4,
    "2": 0.38509615384615387,
    "4": 0.471,
    "8": 0.568,
    "16": 0.668,
    "32": 0.877,
    "64": 1.0
  },
  "R_at_N_ci_lower": {
    "1": 0.3076923076923077,
    "2": 0.27,
    "4": 0.3,
    "8": 0.3,
    "16": 0.31,
    "32": 0.26,
    "64": 0.0
  },
  "R_at_N_ci_upper": {
    "1": 0.4930769230769224,
    "2": 0.53,
    "4": 0.65,
    "8": 0.76,
    "16": 0.92,
    "32": 1.0,
    "64": 1.0
  },
  "fits": {
    "constant": {
      "params": [
        0.6241565934065935
      ],
      "bic": 0.660967762816421,
      "residual_se": 0.22075095083329788,
      "converged": true,
      "weight": 1.3549214812364094e-07
    },
    "logistic": {
      "params": [
        0.9999999999999999,
        0.07829464098226788,
        6.205924089179439
      ],
      "bic": -29.16067328747053,
      "residual_se": 0.01986443138175922,
      "converged": true,
      "weight": 0.4051363424155376
    },
    "gompertz": {
      "params": [
        0.9999999999999999,
        1.00107119983401,
        0.06248158073909186
      ],
      "bic": -29.873625375980055,
      "residual_se": 0.01887815843711151,
      "converged": true,
      "weight": 0.5786510984833594
    },
    "shifted_logistic": {
      "params": [
        0.9999819604317091,
        7.766972710967352,
        31.790277511040127,
        0.24999999999999997
      ],
      "bic": 6.980836260619394,
      "residual_se": 0.22848568917657144,
      "converged": true,
      "weight": 5.748732767804226e-09
    },
    "unimodal": {
      "params": [
        0.9999999999999999,
        52.852225047231784,
        37.20891279393066,
        0.03832377687583355
      ],
      "bic": -22.72378093704939,
      "residual_se": 0.027377327509122803,
      "converged": true,
      "weight": 0.016212417860222133
    }
  },
  "best_fit_family": "gompertz",
  "mean_elasticity_8_64": 0.007834281740116224
}