{
  "schema_version": "v6.0-pilot",
  "problem_id": "gpqa_diamond_0167",
  "subject": "biology",
  "temperature": 0.7,
  "n_samples_used": 65,
  "R_at_N": {
    "1": 0.015384615384615385,
    "2": 0.014903846153846155,
    "4": 0.003,
    "8": 0.0,
    "16": 0.0,
    "32": 0.0,
    "64": 0.0
  },
  "R_at_N_ci_lower": {
    "1": 0.0,
    "2": 0.0,
    "4": 0.0,
    "8": 0.0,
    "16": 0.0,
    "32": 0.0,
    "64": 0.0
  },
  "R_at_N_ci_upper": {
    "1": 0.046153846153846156,
    "2": 0.05,
    "4": 0.02,
    "8": 0.0,
    "16": 0.0,
    "32": 0.0,
    "64": 0.0
  },
  "fits": {
    "constant": {
      "params": [
        0.004755494505494506
      ],
      "bic": -48.3740094571852,
      "residual_se": 0.00664946748423769,
      "converged": true,
      "weight": 7.035868332593369e-27
    },
    "logistic": {
      "params": [
        0.009494562089952254,
        0.00010000000000000002,
        0.0011064807027265644
      ],
      "bic": -44.47631484274439,
      "residual_se": 0.006652258146485758,
      "converged": true,
      "weight": 1.0021761705199982e-27
    },
    "gompertz": {
      "params": [
        0.00475549665805209,
        0.00010000000004797924,
        9.999999999999904
      ],
      "bic": -44.48218914869322,
      "residual_se": 0.00664946748916844,
      "converged": true,
      "weight": 1.0051240422960683e-27
    },
    "shifted_logistic": {
      "params": [
        1.5145553041409802e-05,
        2.379720647275211,
        3.400360944211106,
        0.015435403817779268
      ],
      "bic": -131.5746386921109,
      "residual_se": 1.1500715127665196e-05,
      "converged": true,
      "weight": 8.205495041774557e-09
    },
    "unimodal": {
      "params": [
        0.016160454233995147,
        1.4381386692543907,
        1.3958302956898683,
        9.944130777158913e-07
      ],
      "bic": -168.8115622358307,
      "residual_se": 8.046313677764941e-07,
      "converged": true,
      "weight": 0.9999999917945049
    }
  },
  "best_fit_family": "unimodal",
  "mean_elasticity_8_64": 1.011571306137473e-08
}