{
  "schema_version": "v6.0-pilot",
  "problem_id": "gpqa_diamond_0164",
  "subject": "chemistry",
  "temperature": 0.7,
  "n_samples_used": 65,
  "R_at_N": {
    "1": 0.4,
    "2": 0.4043269230769231,
    "4": 0.44,
    "8": 0.462,
    "16": 0.525,
    "32": 0.598,
    "64": 1.0
  },
  "R_at_N_ci_lower": {
    "1": 0.3076923076923077,
    "2": 0.28,
    "4": 0.27,
    "8": 0.24,
    "16": 0.18,
    "32": 0.08,
    "64": 0.0
  },
  "R_at_N_ci_upper": {
    "1": 0.49230769230769234,
    "2": 0.52,
    "4": 0.61,
    "8": 0.7,
    "16": 0.8104999999999996,
    "32": 0.96,
    "64": 1.0
  },
  "fits": {
    "constant": {
      "params": [
        0.5470467032967032
      ],
      "bic": -1.0033830666116241,
      "residual_se": 0.1960075040875122,
      "converged": true,
      "weight": 1.2545842270304903e-06
    },
    "logistic": {
      "params": [
        0.9999999999999999,
        0.04115461058814512,
        12.31714608122663
      ],
      "bic": -14.860763032858848,
      "residual_se": 0.05516633675039202,
      "converged": true,
      "weight": 0.0012811254233646326
    },
    "gompertz": {
      "params": [
        0.9999999999999999,
        0.9951822810238016,
        0.031839340955518165
      ],
      "bic": -13.335869938423226,
      "residual_se": 0.06151455792898625,
      "converged": true,
      "weight": 0.0005976753182292174
    },
    "shifted_logistic": {
      "params": [
        0.9999999999999999,
        0.055367590536714785,
        26.86250599914791,
        0.24999999999999997
      ],
      "bic": -15.526345106302998,
      "residual_se": 0.04577864733549406,
      "converged": true,
      "weight": 0.001786985220101299
    },
    "unimodal": {
      "params": [
        0.9999999999999987,
        107.40988559826762,
        47.75015250588547,
        0.33416049744228515
      ],
      "bic": -28.173448172314565,
      "residual_se": 0.018549693431453917,
      "converged": true,
      "weight": 0.9963329594540778
    }
  },
  "best_fit_family": "unimodal",
  "mean_elasticity_8_64": 0.00975796680398226
}