{
  "schema_version": "v6.0-pilot",
  "problem_id": "gpqa_diamond_0043",
  "subject": "biology",
  "temperature": 0.7,
  "n_samples_used": 65,
  "R_at_N": {
    "1": 0.49230769230769234,
    "2": 0.48221153846153847,
    "4": 0.51,
    "8": 0.527,
    "16": 0.556,
    "32": 0.579,
    "64": 1.0
  },
  "R_at_N_ci_lower": {
    "1": 0.38461538461538464,
    "2": 0.36,
    "4": 0.34,
    "8": 0.28,
    "16": 0.21,
    "32": 0.07,
    "64": 0.0
  },
  "R_at_N_ci_upper": {
    "1": 0.5846153846153846,
    "2": 0.63,
    "4": 0.7,
    "8": 0.78,
    "16": 0.87,
    "32": 0.98,
    "64": 1.0
  },
  "fits": {
    "constant": {
      "params": [
        0.5923598901098901
      ],
      "bic": -3.046032271031761,
      "residual_se": 0.1693977381590277,
      "converged": true,
      "weight": 1.905364594477338e-06
    },
    "logistic": {
      "params": [
        0.9999999999999999,
        0.03315945263387384,
        5.722042246238008
      ],
      "bic": -11.487087898518709,
      "residual_se": 0.07019869499791646,
      "converged": true,
      "weight": 0.00012969703001612288
    },
    "gompertz": {
      "params": [
        0.9999999999999999,
        0.7977319876800002,
        0.02626113832174307
      ],
      "bic": -10.638850874438766,
      "residual_se": 0.07458340877155674,
      "converged": true,
      "weight": 8.486677552450282e-05
    },
    "shifted_logistic": {
      "params": [
        0.9999806683199927,
        7.25679119547851,
        32.0339722003589,
        0.24999999999999997
      ],
      "bic": 6.690648199212798,
      "residual_se": 0.22379844781788683,
      "converged": true,
      "weight": 1.4644845379250768e-08
    },
    "unimodal": {
      "params": [
        0.9999999999999859,
        102.1668813333539,
        32.51013647745649,
        0.496455700885768
      ],
      "bic": -29.387273615571615,
      "residual_se": 0.01700915017657955,
      "converged": true,
      "weight": 0.9997835161850196
    }
  },
  "best_fit_family": "unimodal",
  "mean_elasticity_8_64": 0.008705755044636963
}