{
  "schema_version": "v6.0-pilot",
  "problem_id": "gpqa_diamond_0090",
  "subject": "chemistry",
  "temperature": 0.7,
  "n_samples_used": 65,
  "R_at_N": {
    "1": 0.06153846153846154,
    "2": 0.061057692307692306,
    "4": 0.026,
    "8": 0.005,
    "16": 0.0,
    "32": 0.0,
    "64": 0.0
  },
  "R_at_N_ci_lower": {
    "1": 0.015384615384615385,
    "2": 0.01,
    "4": 0.0,
    "8": 0.0,
    "16": 0.0,
    "32": 0.0,
    "64": 0.0
  },
  "R_at_N_ci_upper": {
    "1": 0.1076923076923077,
    "2": 0.14,
    "4": 0.08,
    "8": 0.04,
    "16": 0.01,
    "32": 0.0,
    "64": 0.0
  },
  "fits": {
    "constant": {
      "params": [
        0.021942307692307695
      ],
      "bic": -29.117865308973244,
      "residual_se": 0.02631069844980012,
      "converged": true,
      "weight": 3.0053875303962156e-08
    },
    "logistic": {
      "params": [
        0.021942193183227297,
        9.99999999999998,
        4.843985694562079e-15
      ],
      "bic": -25.225931049689876,
      "residual_se": 0.026310912621961162,
      "converged": true,
      "weight": 4.29316612361614e-09
    },
    "gompertz": {
      "params": [
        0.021942307823719243,
        0.00010000000015881155,
        9.999999999999988
      ],
      "bic": -25.226044999466026,
      "residual_se": 0.026310698471218148,
      "converged": true,
      "weight": 4.293410733243757e-09
    },
    "shifted_logistic": {
      "params": [
        0.0012493158212705238,
        2.4939835102442847,
        3.8541218537441777,
        0.061615400330373445
      ],
      "bic": -62.167666616446326,
      "residual_se": 0.0016360663637799372,
      "converged": true,
      "weight": 0.4514125698221603
    },
    "unimodal": {
      "params": [
        0.06226071694243464,
        1.4603070402332075,
        1.878335047867957,
        0.0011899475433534386
      ],
      "bic": -62.557596386364054,
      "residual_se": 0.0015911271677252576,
      "converged": true,
      "weight": 0.5485873915373874
    }
  },
  "best_fit_family": "unimodal",
  "mean_elasticity_8_64": 4.126349094552191e-06
}