{
  "schema_version": "v6.0-pilot",
  "problem_id": "gpqa_diamond_0087",
  "subject": "biology",
  "temperature": 0.7,
  "n_samples_used": 65,
  "R_at_N": {
    "1": 1.0,
    "2": 1.0,
    "4": 1.0,
    "8": 1.0,
    "16": 1.0,
    "32": 1.0,
    "64": 1.0
  },
  "R_at_N_ci_lower": {
    "1": 1.0,
    "2": 1.0,
    "4": 1.0,
    "8": 1.0,
    "16": 1.0,
    "32": 1.0,
    "64": 1.0
  },
  "R_at_N_ci_upper": {
    "1": 1.0,
    "2": 1.0,
    "4": 1.0,
    "8": 1.0,
    "16": 1.0,
    "32": 1.0,
    "64": 1.0
  },
  "fits": {
    "constant": {
      "params": [
        0.9999999999
      ],
      "bic": -185.2274692409663,
      "residual_se": 1.000000082740371e-10,
      "converged": true,
      "weight": 0.9487711719956194
    },
    "logistic": {
      "params": [
        0.9999832533150682,
        9.999017671585394,
        4.893543579725937e-05
      ],
      "bic": -120.9810660867575,
      "residual_se": 2.816518267044855e-05,
      "converged": true,
      "weight": 1.0622635862134786e-14
    },
    "gompertz": {
      "params": [
        0.9999803071266123,
        0.003051604497529284,
        9.999967501580146
      ],
      "bic": -125.97657609166666,
      "residual_se": 1.9712725956887422e-05,
      "converged": true,
      "weight": 1.2911999753275587e-13
    },
    "shifted_logistic": {
      "params": [
        0.9999797884586562,
        9.726171805716598,
        3.074411845286764e-05,
        0.24999999999999994
      ],
      "bic": -117.74616241081362,
      "residual_se": 3.088150695299318e-05,
      "converged": true,
      "weight": 2.1075694097441757e-15
    },
    "unimodal": {
      "params": [
        0.07445393843560257,
        31.74573749474179,
        9985.975266324469,
        0.9255462987732469
      ],
      "bic": -179.38973879380035,
      "residual_se": 1.337988901324915e-07,
      "converged": true,
      "weight": 0.05122882800423877
    }
  },
  "best_fit_family": "constant",
  "mean_elasticity_8_64": 0.0
}