{
  "schema_version": "v6.0-pilot",
  "problem_id": "gpqa_diamond_0130",
  "subject": "chemistry",
  "temperature": 0.7,
  "n_samples_used": 65,
  "R_at_N": {
    "1": 0.26153846153846155,
    "2": 0.2668269230769231,
    "4": 0.249,
    "8": 0.229,
    "16": 0.165,
    "32": 0.078,
    "64": 0.0
  },
  "R_at_N_ci_lower": {
    "1": 0.16923076923076924,
    "2": 0.15,
    "4": 0.11,
    "8": 0.07,
    "16": 0.02,
    "32": 0.0,
    "64": 0.0
  },
  "R_at_N_ci_upper": {
    "1": 0.35384615384615387,
    "2": 0.39,
    "4": 0.4,
    "8": 0.44,
    "16": 0.4604999999999996,
    "32": 0.5114999999999986,
    "64": 0.8004999999999995
  },
  "fits": {
    "constant": {
      "params": [
        0.17848076923076925
      ],
      "bic": -11.012914277244175,
      "residual_se": 0.0958885356220245,
      "converged": true,
      "weight": 1.944690808441578e-06
    },
    "logistic": {
      "params": [
        0.17848138806852198,
        9.999999999998986,
        9.235668239263148e-13
      ],
      "bic": -7.12094757945416,
      "residual_se": 0.09588953834518674,
      "converged": true,
      "weight": 2.7779263751372234e-07
    },
    "gompertz": {
      "params": [
        0.17848076928039922,
        0.00010000000166696356,
        9.999999999999897
      ],
      "bic": -7.121093964493447,
      "residual_se": 0.09588853572229722,
      "converged": true,
      "weight": 2.778129706009062e-07
    },
    "shifted_logistic": {
      "params": [
        0.004411710230180649,
        0.1407959398598403,
        24.24574323874943,
        0.24999999999999997
      ],
      "bic": -28.873748862645662,
      "residual_se": 0.017644635234024635,
      "converged": true,
      "weight": 0.014698787549690085
    },
    "unimodal": {
      "params": [
        0.25291937736152326,
        5.168701004456867e-19,
        18.92492195749107,
        0.004050399491047063
      ],
      "bic": -37.284108553640756,
      "residual_se": 0.009676418145316765,
      "converged": true,
      "weight": 0.9852987121538934
    }
  },
  "best_fit_family": "unimodal",
  "mean_elasticity_8_64": 0.004100708980836223
}