{
  "schema_version": "v6.0-pilot",
  "problem_id": "gpqa_diamond_0008",
  "subject": "chemistry",
  "temperature": 0.7,
  "n_samples_used": 16,
  "R_at_N": {
    "1": 0.375,
    "2": 0.35833333333333334,
    "4": 0.4208791208791209,
    "8": 0.464,
    "16": 0.0
  },
  "R_at_N_ci_lower": {
    "1": 0.1875,
    "2": 0.18,
    "4": 0.09,
    "8": 0.02,
    "16": 0.0
  },
  "R_at_N_ci_upper": {
    "1": 0.5625,
    "2": 0.58,
    "4": 0.74,
    "8": 0.9104999999999995,
    "16": 1.0
  },
  "fits": {
    "constant": {
      "params": [
        0.32364249084249086
      ],
      "bic": -2.1602779511163464,
      "residual_se": 0.1659763252853253,
      "converged": true,
      "weight": 0.012191581008197769
    },
    "logistic": {
      "params": [
        0.32364496294257084,
        9.9999999999311,
        9.259140693339317e-11
      ],
      "bic": 1.0586526644608814,
      "residual_se": 0.16597723468387102,
      "converged": true,
      "weight": 0.0024382494040177715
    },
    "gompertz": {
      "params": [
        0.3236424910602012,
        0.00010000000048971446,
        9.999999999999932
      ],
      "bic": 1.0585978792305326,
      "residual_se": 0.16597632537625837,
      "converged": true,
      "weight": 0.0024383161949601798
    },
    "shifted_logistic": {
      "params": [
        0.39716845599471245,
        0.00010000000000000002,
        0.00011472856683592469,
        0.24999999999900843
      ],
      "bic": 2.6689831034417866,
      "residual_se": 0.1659920492537931,
      "converged": true,
      "weight": 0.0010899317776269502
    },
    "unimodal": {
      "params": [
        0.4870962059770445,
        5.466901128536378,
        4.945326643819556,
        7.494264429903511e-38
      ],
      "bic": -10.937647325548863,
      "residual_se": 0.042575409645856155,
      "converged": true,
      "weight": 0.9818419216151972
    }
  },
  "best_fit_family": "unimodal",
  "mean_elasticity_8_64": 0.0077676381559288665
}