{
  "schema_version": "v6.0-pilot",
  "problem_id": "gpqa_diamond_0026",
  "subject": "biology",
  "temperature": 1.0,
  "n_samples_used": 16,
  "R_at_N": {
    "1": 0.625,
    "2": 0.5833333333333334,
    "4": 0.7956043956043956,
    "8": 0.966,
    "16": 1.0
  },
  "R_at_N_ci_lower": {
    "1": 0.4375,
    "2": 0.42,
    "4": 0.46,
    "8": 0.46950000000000003,
    "16": 0.0
  },
  "R_at_N_ci_upper": {
    "1": 0.8125,
    "2": 0.85,
    "4": 0.97,
    "8": 1.0,
    "16": 1.0
  },
  "fits": {
    "constant": {
      "params": [
        0.7939875457875457
      ],
      "bic": -1.9047149215710943,
      "residual_se": 0.17027273284596262,
      "converged": true,
      "weight": 0.001593219813296161
    },
    "logistic": {
      "params": [
        0.9999999999999999,
        0.3430125779316003,
        0.15405622693516685
      ],
      "bic": -12.798197246257573,
      "residual_se": 0.04151960176548062,
      "converged": true,
      "weight": 0.36962839782389356
    },
    "gompertz": {
      "params": [
        0.999999999999998,
        0.748983025460885,
        0.2907695081547382
      ],
      "bic": -12.126954940220024,
      "residual_se": 0.044402238197676865,
      "converged": true,
      "weight": 0.26424508314227824
    },
    "shifted_logistic": {
      "params": [
        0.7783834970737619,
        1.9464676146488906,
        46.67210037270342,
        0.24999999999999994
      ],
      "bic": 15.006182536547147,
      "residual_se": 0.570013380126107,
      "converged": true,
      "weight": 3.389385550177175e-07
    },
    "unimodal": {
      "params": [
        0.8386812602074261,
        12.330871454011765,
        8.68535832998298,
        0.23225264899203402
      ],
      "bic": -12.770434851495818,
      "residual_se": 0.035445563450507075,
      "converged": true,
      "weight": 0.364532960281977
    }
  },
  "best_fit_family": "logistic",
  "mean_elasticity_8_64": 0.0012272901686192091
}