{
  "schema_version": "v6.0-pilot",
  "problem_id": "gpqa_diamond_0030",
  "subject": "chemistry",
  "temperature": 1.0,
  "n_samples_used": 16,
  "R_at_N": {
    "1": 0.0,
    "2": 0.0,
    "4": 0.0,
    "8": 0.0,
    "16": 0.0
  },
  "R_at_N_ci_lower": {
    "1": 0.0,
    "2": 0.0,
    "4": 0.0,
    "8": 0.0,
    "16": 0.0
  },
  "R_at_N_ci_upper": {
    "1": 0.0,
    "2": 0.0,
    "4": 0.0,
    "8": 0.0,
    "16": 0.0
  },
  "fits": {
    "constant": {
      "params": [
        1e-10
      ],
      "bic": -130.40347189733242,
      "residual_se": 1e-10,
      "converged": true,
      "weight": 0.8284297965343109
    },
    "logistic": {
      "params": [
        0.12321954328703574,
        5.505297079105627,
        245.6668651212864
      ],
      "bic": -127.18459607246422,
      "residual_se": 0.0,
      "converged": true,
      "weight": 0.16568595930686172
    },
    "gompertz": {
      "params": [
        0.0031933111273390693,
        94.04532140247119,
        0.17610480274908136
      ],
      "bic": -102.68343979976515,
      "residual_se": 5.183065471267628e-06,
      "converged": true,
      "weight": 7.923685360111483e-07
    },
    "shifted_logistic": {
      "params": [
        0.45206668165498654,
        0.06679902428819394,
        207.8919934487866,
        1.0870969279362701e-10
      ],
      "bic": -120.50869463246705,
      "residual_se": 7.422474480579794e-07,
      "converged": true,
      "weight": 0.005883450827656156
    },
    "unimodal": {
      "params": [
        0.0009305361442614125,
        0.02460730428355147,
        0.3853190140337374,
        2.367678489879672e-12
      ],
      "bic": -89.25722477827337,
      "residual_se": 1.6895957328103814e-05,
      "converged": true,
      "weight": 9.626350567964867e-10
    }
  },
  "best_fit_family": "constant",
  "mean_elasticity_8_64": 0.0
}