{
  "schema_version": "v6.0-pilot",
  "problem_id": "gpqa_diamond_0010",
  "subject": "biology",
  "temperature": 1.0,
  "n_samples_used": 16,
  "R_at_N": {
    "1": 0.75,
    "2": 0.7333333333333333,
    "4": 0.9208791208791208,
    "8": 1.0,
    "16": 1.0
  },
  "R_at_N_ci_lower": {
    "1": 0.5625,
    "2": 0.54,
    "4": 0.64,
    "8": 0.7595000000000001,
    "16": 1.0
  },
  "R_at_N_ci_upper": {
    "1": 0.9375,
    "2": 0.93,
    "4": 1.0,
    "8": 1.0,
    "16": 1.0
  },
  "fits": {
    "constant": {
      "params": [
        0.8808424908424908
      ],
      "bic": -5.625410343774256,
      "residual_se": 0.11737006831459414,
      "converged": true,
      "weight": 0.005959074533189769
    },
    "logistic": {
      "params": [
        0.9999999999999999,
        0.6545565987687322,
        4.9797025122116525e-14
      ],
      "bic": -11.343980894874953,
      "residual_se": 0.04801854462068878,
      "converged": true,
      "weight": 0.10398019672501771
    },
    "gompertz": {
      "params": [
        0.9999999999999999,
        0.4860486262214362,
        0.3736256657710033
      ],
      "bic": -14.54969337102142,
      "residual_se": 0.03484870701017538,
      "converged": true,
      "weight": 0.5164904006360326
    },
    "shifted_logistic": {
      "params": [
        0.7739560485559633,
        4.388840509676548,
        85.85979199113825,
        0.2499999999999985
      ],
      "bic": 16.190296482107968,
      "residual_se": 0.6416681238681975,
      "converged": true,
      "weight": 1.09133547028419e-07
    },
    "unimodal": {
      "params": [
        0.9999999999999999,
        11.668405894569233,
        11.95647452521629,
        0.06137363867060389
      ],
      "bic": -13.901791944077456,
      "residual_se": 0.031653932370826025,
      "converged": true,
      "weight": 0.3735702189722128
    }
  },
  "best_fit_family": "gompertz",
  "mean_elasticity_8_64": 0.0004734171757741903
}