{
  "schema_version": "v6.0-pilot",
  "problem_id": "gpqa_diamond_0008",
  "subject": "chemistry",
  "temperature": 0.3,
  "n_samples_used": 16,
  "R_at_N": {
    "1": 0.25,
    "2": 0.20833333333333334,
    "4": 0.1813186813186813,
    "8": 0.066,
    "16": 0.0
  },
  "R_at_N_ci_lower": {
    "1": 0.0625,
    "2": 0.06,
    "4": 0.0,
    "8": 0.0,
    "16": 0.0
  },
  "R_at_N_ci_upper": {
    "1": 0.4375,
    "2": 0.47049999999999953,
    "4": 0.49,
    "8": 0.49049999999999955,
    "16": 0.0
  },
  "fits": {
    "constant": {
      "params": [
        0.14113040293040294
      ],
      "bic": -7.918020297336545,
      "residual_se": 0.09332340415612138,
      "converged": true,
      "weight": 6.216980119018979e-05
    },
    "logistic": {
      "params": [
        0.2821242399558096,
        0.00010000000000000002,
        5.265774865154116e-05
      ],
      "bic": -4.6951683800525625,
      "residual_se": 0.09336051778194075,
      "converged": true,
      "weight": 1.2409265505805517e-05
    },
    "gompertz": {
      "params": [
        0.14113040293725565,
        0.00010000000017679044,
        9.99999999999999
      ],
      "bic": -4.69914445644905,
      "residual_se": 0.09332340430561889,
      "converged": true,
      "weight": 1.2433960138446343e-05
    },
    "shifted_logistic": {
      "params": [
        2.288721132011965e-20,
        0.5139549759909686,
        5.939615112162323,
        0.24999999999999997
      ],
      "bic": -25.448891985745842,
      "residual_se": 0.009975702458779885,
      "converged": true,
      "weight": 0.3984372162608969
    },
    "unimodal": {
      "params": [
        0.24340428133548295,
        2.447413351976821e-18,
        4.969377725901763,
        2.7156118122411494e-11
      ],
      "bic": -26.27256462075329,
      "residual_se": 0.009186960288719445,
      "converged": true,
      "weight": 0.6014757707122688
    }
  },
  "best_fit_family": "unimodal",
  "mean_elasticity_8_64": 0.0012875467476453268
}