{
  "schema_version": "v6.0-pilot",
  "problem_id": "gpqa_diamond_0027",
  "subject": "chemistry",
  "temperature": 1.0,
  "n_samples_used": 16,
  "R_at_N": {
    "1": 0.25,
    "2": 0.21666666666666667,
    "4": 0.16813186813186815,
    "8": 0.038,
    "16": 0.0
  },
  "R_at_N_ci_lower": {
    "1": 0.0625,
    "2": 0.07,
    "4": 0.0,
    "8": 0.0,
    "16": 0.0
  },
  "R_at_N_ci_upper": {
    "1": 0.4375,
    "2": 0.47,
    "4": 0.51,
    "8": 0.5,
    "16": 0.0
  },
  "fits": {
    "constant": {
      "params": [
        0.13455970695986988
      ],
      "bic": -7.366433565102588,
      "residual_se": 0.09861561320657626,
      "converged": true,
      "weight": 5.940280435767127e-06
    },
    "logistic": {
      "params": [
        0.2689864550341057,
        0.00010000000000000002,
        0.04980802878783663
      ],
      "bic": -4.144084645189684,
      "residual_se": 0.09864986929472024,
      "converged": true,
      "weight": 1.1859947616117565e-06
    },
    "gompertz": {
      "params": [
        0.13455970695287686,
        0.00010000000051166872,
        9.99999999999993
      ],
      "bic": -4.147557725730637,
      "residual_se": 0.09861561334960588,
      "converged": true,
      "weight": 1.1880560785377895e-06
    },
    "shifted_logistic": {
      "params": [
        0.0018405741466795565,
        0.6592005096851056,
        5.157675622865413,
        0.24999999999999997
      ],
      "bic": -28.275700246899383,
      "residual_se": 0.007519288778138945,
      "converged": true,
      "weight": 0.20615625601189835
    },
    "unimodal": {
      "params": [
        0.2511439709938782,
        0.07909563351650804,
        4.176928138677554,
        7.441813098894569e-19
      ],
      "bic": -30.972183780388477,
      "residual_se": 0.00574208969686215,
      "converged": true,
      "weight": 0.7938354296568256
    }
  },
  "best_fit_family": "unimodal",
  "mean_elasticity_8_64": 0.0008326654264213103
}