{
  "schema_version": "v6.0-pilot",
  "problem_id": "gpqa_diamond_0012",
  "subject": "chemistry",
  "temperature": 0.3,
  "n_samples_used": 16,
  "R_at_N": {
    "1": 0.875,
    "2": 0.8833333333333333,
    "4": 1.0,
    "8": 1.0,
    "16": 1.0
  },
  "R_at_N_ci_lower": {
    "1": 0.75,
    "2": 0.74,
    "4": 0.91,
    "8": 1.0,
    "16": 1.0
  },
  "R_at_N_ci_upper": {
    "1": 1.0,
    "2": 1.0,
    "4": 1.0,
    "8": 1.0,
    "16": 1.0
  },
  "fits": {
    "constant": {
      "params": [
        0.9516666666665522
      ],
      "bic": -12.460290434146625,
      "residual_se": 0.05925462944877059,
      "converged": true,
      "weight": 0.020798467117769722
    },
    "logistic": {
      "params": [
        0.985258573546744,
        1.7781428012964366,
        6.083032166822367e-19
      ],
      "bic": -13.648180624769182,
      "residual_se": 0.038136327653250444,
      "converged": true,
      "weight": 0.03766850684118955
    },
    "gompertz": {
      "params": [
        0.9999999999999999,
        0.25563301276857636,
        0.5368148596214997
      ],
      "bic": -19.722686104964396,
      "residual_se": 0.02077430240402527,
      "converged": true,
      "weight": 0.785308883959544
    },
    "shifted_logistic": {
      "params": [
        0.7739560485559633,
        4.388840509676548,
        85.85979199113825,
        0.24999999999999933
      ],
      "bic": 17.119699884691705,
      "residual_se": 0.7041642011791164,
      "converged": true,
      "weight": 7.84906711811364e-09
    },
    "unimodal": {
      "params": [
        0.9999999999999999,
        11.06922406158159,
        17.096398700713557,
        0.0374954464724657
      ],
      "bic": -16.493115326686933,
      "residual_se": 0.024428000800609206,
      "converged": true,
      "weight": 0.15622413423242978
    }
  },
  "best_fit_family": "gompertz",
  "mean_elasticity_8_64": 7.134725238677324e-05
}