{
  "schema_version": "v6.0-pilot",
  "problem_id": "gpqa_diamond_0029",
  "subject": "chemistry",
  "temperature": 0.7,
  "n_samples_used": 16,
  "R_at_N": {
    "1": 0.125,
    "2": 0.11666666666666667,
    "4": 0.053296703296703295,
    "8": 0.002,
    "16": 0.0
  },
  "R_at_N_ci_lower": {
    "1": 0.0,
    "2": 0.0,
    "4": 0.0,
    "8": 0.0,
    "16": 0.0
  },
  "R_at_N_ci_upper": {
    "1": 0.25,
    "2": 0.28,
    "4": 0.25,
    "8": 0.19,
    "16": 0.0
  },
  "fits": {
    "constant": {
      "params": [
        0.059392674071522426
      ],
      "bic": -13.4360237631954,
      "residual_se": 0.05374607162092438,
      "converged": true,
      "weight": 1.472141754564959e-10
    },
    "logistic": {
      "params": [
        0.1187234705895752,
        0.00010000000000000002,
        0.00024743474690913647
      ],
      "bic": -10.214571612624079,
      "residual_se": 0.053759920143338864,
      "converged": true,
      "weight": 2.940493234258755e-11
    },
    "gompertz": {
      "params": [
        0.05939267402458162,
        0.00010000000001001172,
        9.999999999999996
      ],
      "bic": -10.21714792607838,
      "residual_se": 0.05374607168675696,
      "converged": true,
      "weight": 2.944283491097923e-11
    },
    "shifted_logistic": {
      "params": [
        0.0007577864687549856,
        1.3131157046473658,
        3.727389561660163,
        0.12854560482834226
      ],
      "bic": -55.599402071516565,
      "residual_se": 0.0004892417055010211,
      "converged": true,
      "weight": 0.21067397988661865
    },
    "unimodal": {
      "params": [
        0.12487388318629077,
        1.1751421233168762,
        2.1527548644070142,
        0.0005708075578695574
      ],
      "bic": -58.241137316406295,
      "residual_se": 0.0003756594925438103,
      "converged": true,
      "weight": 0.7893260199073193
    }
  },
  "best_fit_family": "unimodal",
  "mean_elasticity_8_64": 2.129323586047476e-05
}