{
  "schema_version": "v6.0-pilot",
  "problem_id": "gpqa_diamond_0032",
  "subject": "chemistry",
  "temperature": 0.3,
  "n_samples_used": 16,
  "R_at_N": {
    "1": 0.0625,
    "2": 0.03333333333333333,
    "4": 0.0,
    "8": 0.0,
    "16": 0.0
  },
  "R_at_N_ci_lower": {
    "1": 0.0,
    "2": 0.0,
    "4": 0.0,
    "8": 0.0,
    "16": 0.0
  },
  "R_at_N_ci_upper": {
    "1": 0.1875,
    "2": 0.20049999999999957,
    "4": 0.10049999999999955,
    "8": 0.02,
    "16": 0.0
  },
  "fits": {
    "constant": {
      "params": [
        0.019166666666666665
      ],
      "bic": -21.001863289909437,
      "residual_se": 0.02522124325070259,
      "converged": true,
      "weight": 1.9597358696969218e-23
    },
    "logistic": {
      "params": [
        0.03831240062174747,
        0.00010000000000000002,
        0.1278474596599306
      ],
      "bic": -17.781586950227855,
      "residual_se": 0.025224775770542596,
      "converged": true,
      "weight": 3.916728061030667e-24
    },
    "gompertz": {
      "params": [
        0.019166666708009733,
        0.00010000000001287168,
        9.999999999999998
      ],
      "bic": -17.782987453185534,
      "residual_se": 0.025221243280604152,
      "converged": true,
      "weight": 3.919471716159813e-24
    },
    "shifted_logistic": {
      "params": [
        0.15428949206754783,
        6.830521227529222,
        74.47621559078172,
        0.019166666679369105
      ],
      "bic": -16.173549552607135,
      "residual_se": 0.02522124325070259,
      "converged": true,
      "weight": 1.7528410490348e-24
    },
    "unimodal": {
      "params": [
        0.09306036397254792,
        1.383736355357889,
        0.43006270963442933,
        5e-324
      ],
      "bic": -125.5751581600301,
      "residual_se": 3.828481798433027e-10,
      "converged": true,
      "weight": 1.0
    }
  },
  "best_fit_family": "unimodal",
  "mean_elasticity_8_64": 1.3422989829228824e-53
}