{
  "schema_version": "v6.0-pilot",
  "problem_id": "gpqa_diamond_0040",
  "subject": "physics",
  "temperature": 1.0,
  "n_samples_used": 16,
  "R_at_N": {
    "1": 0.375,
    "2": 0.3333333333333333,
    "4": 0.378021978021978,
    "8": 0.39,
    "16": 0.0
  },
  "R_at_N_ci_lower": {
    "1": 0.1875,
    "2": 0.18,
    "4": 0.1,
    "8": 0.02,
    "16": 0.0
  },
  "R_at_N_ci_upper": {
    "1": 0.5625,
    "2": 0.6,
    "4": 0.7104999999999995,
    "8": 0.86,
    "16": 1.0
  },
  "fits": {
    "constant": {
      "params": [
        0.2952710622710753
      ],
      "bic": -3.2479797216787176,
      "residual_se": 0.1488702293310199,
      "converged": true,
      "weight": 0.017941340878728427
    },
    "logistic": {
      "params": [
        0.29527301930142996,
        9.999999999988802,
        1.6053346641985437e-12
      ],
      "bic": -0.029007441876224505,
      "residual_se": 0.14887166526476384,
      "converged": true,
      "weight": 0.0035880951268330167
    },
    "gompertz": {
      "params": [
        0.29527106247977825,
        0.00010000000258013738,
        9.999999999999824
      ],
      "bic": -0.029103887165216946,
      "residual_se": 0.1488702294746097,
      "converged": true,
      "weight": 0.003588268158440724
    },
    "shifted_logistic": {
      "params": [
        0.3404445089567455,
        0.0001000000000000002,
        1.6243250934519244e-05,
        0.24999999976910606
      ],
      "bic": 1.5810442944274419,
      "residual_se": 0.14888080364339287,
      "converged": true,
      "weight": 0.0016041525135559965
    },
    "unimodal": {
      "params": [
        0.42124224426072693,
        4.84374732278481,
        5.312157440064599,
        3.599960471458567e-35
      ],
      "bic": -11.235104335036713,
      "residual_se": 0.04132762436931097,
      "converged": true,
      "weight": 0.9732781433224419
    }
  },
  "best_fit_family": "unimodal",
  "mean_elasticity_8_64": 0.006435606057174939
}