{
  "schema_version": "v6.0-pilot",
  "problem_id": "gpqa_diamond_0026",
  "subject": "biology",
  "temperature": 0.3,
  "n_samples_used": 16,
  "R_at_N": {
    "1": 0.25,
    "2": 0.2916666666666667,
    "4": 0.1901098901098901,
    "8": 0.096,
    "16": 0.0
  },
  "R_at_N_ci_lower": {
    "1": 0.0625,
    "2": 0.07,
    "4": 0.0,
    "8": 0.0,
    "16": 0.0
  },
  "R_at_N_ci_upper": {
    "1": 0.4375,
    "2": 0.45,
    "4": 0.49,
    "8": 0.54,
    "16": 1.0
  },
  "fits": {
    "constant": {
      "params": [
        0.16555531135531826
      ],
      "bic": -6.670715534721843,
      "residual_se": 0.1057207729561873,
      "converged": true,
      "weight": 0.002167350454599209
    },
    "logistic": {
      "params": [
        0.33095700506531234,
        0.00010000000005103282,
        0.2659002561997018
      ],
      "bic": -3.4477383811490885,
      "residual_se": 0.10576414141307353,
      "converged": true,
      "weight": 0.00043258210005340505
    },
    "gompertz": {
      "params": [
        0.16555531141127183,
        0.00010000000000006767,
        9.999999999999998
      ],
      "bic": -3.451839698495446,
      "residual_se": 0.10572077307626704,
      "converged": true,
      "weight": 0.0004334700884581226
    },
    "shifted_logistic": {
      "params": [
        0.0005721660798195717,
        0.6250939418804995,
        7.106649668594984,
        0.24999999999999997
      ],
      "bic": -15.660494145877166,
      "residual_se": 0.026549002230671578,
      "converged": true,
      "weight": 0.1941041243344094
    },
    "unimodal": {
      "params": [
        0.2701058295752334,
        0.4516832442678351,
        5.053690219451969,
        3.9118229671545195e-20
      ],
      "bic": -18.50007153458568,
      "residual_se": 0.019986047944586,
      "converged": true,
      "weight": 0.8028624730224798
    }
  },
  "best_fit_family": "unimodal",
  "mean_elasticity_8_64": 0.0016979481920435752
}