{
  "schema_version": "v6.0-pilot",
  "problem_id": "gpqa_diamond_0010",
  "subject": "biology",
  "temperature": 0.3,
  "n_samples_used": 16,
  "R_at_N": {
    "1": 0.9375,
    "2": 0.9583333333333334,
    "4": 1.0,
    "8": 1.0,
    "16": 1.0
  },
  "R_at_N_ci_lower": {
    "1": 0.8125,
    "2": 0.83,
    "4": 0.94,
    "8": 1.0,
    "16": 1.0
  },
  "R_at_N_ci_upper": {
    "1": 1.0,
    "2": 1.0,
    "4": 1.0,
    "8": 1.0,
    "16": 1.0
  },
  "fits": {
    "constant": {
      "params": [
        0.9791666666666667
      ],
      "bic": -20.563168718369408,
      "residual_se": 0.026352313834736487,
      "converged": true,
      "weight": 0.0018425943208963303
    },
    "logistic": {
      "params": [
        0.9915344331455872,
        2.7763274343723814,
        1.1512629305860526e-15
      ],
      "bic": -23.116142368890515,
      "residual_se": 0.014796211010041903,
      "converged": true,
      "weight": 0.00660390645352585
    },
    "gompertz": {
      "params": [
        0.9999999999999999,
        0.13093475982632297,
        0.6638991040093325
      ],
      "bic": -33.10096350295293,
      "residual_se": 0.005451490304993652,
      "converged": true,
      "weight": 0.9726963212459139
    },
    "shifted_logistic": {
      "params": [
        0.7739560485559633,
        4.388840509676548,
        85.85979199113825,
        0.2499999999999995
      ],
      "bic": 17.47513383866364,
      "residual_se": 0.7296427017535521,
      "converged": true,
      "weight": 1.0127850396383808e-11
    },
    "unimodal": {
      "params": [
        0.9999999999999999,
        10.923861047621415,
        25.66768489786741,
        0.017611434225564764
      ],
      "bic": -25.214606918322314,
      "residual_se": 0.010212177584061188,
      "converged": true,
      "weight": 0.018857177969536027
    }
  },
  "best_fit_family": "gompertz",
  "mean_elasticity_8_64": 1.3699736641276686e-05
}