{
  "schema_version": "v6.0-pilot",
  "problem_id": "gpqa_diamond_0012",
  "subject": "chemistry",
  "temperature": 1.0,
  "n_samples_used": 16,
  "R_at_N": {
    "1": 0.8125,
    "2": 0.8416666666666667,
    "4": 0.993956043956044,
    "8": 1.0,
    "16": 1.0
  },
  "R_at_N_ci_lower": {
    "1": 0.625,
    "2": 0.6295000000000001,
    "4": 0.84,
    "8": 0.98,
    "16": 1.0
  },
  "R_at_N_ci_upper": {
    "1": 0.9375,
    "2": 0.9804999999999995,
    "4": 1.0,
    "8": 1.0,
    "16": 1.0
  },
  "fits": {
    "constant": {
      "params": [
        0.9296245421245422
      ],
      "bic": -8.939662544370217,
      "residual_se": 0.08425995311321266,
      "converged": true,
      "weight": 0.00765106126916961
    },
    "logistic": {
      "params": [
        0.9962439065665533,
        1.1487579548240845,
        1.4117007873958395e-19
      ],
      "bic": -13.645784736040646,
      "residual_se": 0.03814546578766161,
      "converged": true,
      "weight": 0.08047169132736674
    },
    "gompertz": {
      "params": [
        0.9999999999999999,
        0.40077009106564754,
        0.5674562221679726
      ],
      "bic": -18.311637969635804,
      "residual_se": 0.023922551108379583,
      "converged": true,
      "weight": 0.8295074399971479
    },
    "shifted_logistic": {
      "params": [
        0.7739560485559633,
        4.388840509676548,
        85.85979199113825,
        0.24999999999999914
      ],
      "bic": 16.84125990707415,
      "residual_se": 0.6848279038974942,
      "converged": true,
      "weight": 1.929592046031428e-08
    },
    "unimodal": {
      "params": [
        0.9999999999999999,
        11.108354685098014,
        14.015349289596825,
        0.0543162282600822
      ],
      "bic": -13.692411253019962,
      "residual_se": 0.03232369186099911,
      "converged": true,
      "weight": 0.08236978811039533
    }
  },
  "best_fit_family": "gompertz",
  "mean_elasticity_8_64": 8.821841721580024e-05
}