{
  "schema_version": "v6.0-pilot",
  "problem_id": "gpqa_diamond_0012",
  "subject": "chemistry",
  "temperature": 0.7,
  "n_samples_used": 16,
  "R_at_N": {
    "1": 0.75,
    "2": 0.775,
    "4": 0.9197802197802197,
    "8": 1.0,
    "16": 1.0
  },
  "R_at_N_ci_lower": {
    "1": 0.5625,
    "2": 0.5495000000000001,
    "4": 0.66,
    "8": 0.8095000000000001,
    "16": 1.0
  },
  "R_at_N_ci_upper": {
    "1": 0.9375,
    "2": 0.94,
    "4": 1.0,
    "8": 1.0,
    "16": 1.0
  },
  "fits": {
    "constant": {
      "params": [
        0.8889560439109983
      ],
      "bic": -6.493002083832982,
      "residual_se": 0.10761636703499113,
      "converged": true,
      "weight": 0.0007756624753425276
    },
    "logistic": {
      "params": [
        0.9984084603811397,
        0.7346903336877947,
        4.128450362138223e-27
      ],
      "bic": -13.274334911657597,
      "residual_se": 0.03958902292149173,
      "converged": true,
      "weight": 0.023026105776765924
    },
    "gompertz": {
      "params": [
        0.9999999999999999,
        0.46471335712599043,
        0.3928709666586699
      ],
      "bic": -19.92927280054308,
      "residual_se": 0.02034953562042152,
      "converged": true,
      "weight": 0.6416850137361068
    },
    "shifted_logistic": {
      "params": [
        0.7739560485559633,
        4.388840509676548,
        85.85979199113825,
        0.24999999999999864
      ],
      "bic": 16.28780176660879,
      "residual_se": 0.6479553291406512,
      "converged": true,
      "weight": 8.767667652305665e-09
    },
    "unimodal": {
      "params": [
        0.9999999999999999,
        11.64911296205562,
        12.43895321828297,
        0.05703044958303482
      ],
      "bic": -18.62643043619734,
      "residual_se": 0.019735095282177244,
      "converged": true,
      "weight": 0.33451320924411704
    }
  },
  "best_fit_family": "gompertz",
  "mean_elasticity_8_64": 0.0003910157674107972
}