{
  "schema_version": "v6.0-pilot",
  "problem_id": "gpqa_diamond_0040",
  "subject": "physics",
  "temperature": 0.3,
  "n_samples_used": 16,
  "R_at_N": {
    "1": 0.5625,
    "2": 0.5583333333333333,
    "4": 0.6565934065934066,
    "8": 0.764,
    "16": 1.0
  },
  "R_at_N_ci_lower": {
    "1": 0.375,
    "2": 0.35,
    "4": 0.33,
    "8": 0.22950000000000004,
    "16": 0.0
  },
  "R_at_N_ci_upper": {
    "1": 0.75,
    "2": 0.7804999999999995,
    "4": 0.93,
    "8": 1.0,
    "16": 1.0
  },
  "fits": {
    "constant": {
      "params": [
        0.7082853479853479
      ],
      "bic": -2.2751378980750365,
      "residual_se": 0.16408082876400776,
      "converged": true,
      "weight": 3.598183646026465e-05
    },
    "logistic": {
      "params": [
        0.9999999999999999,
        0.17870698204806362,
        0.28604821163971905
      ],
      "bic": -14.860219279367882,
      "residual_se": 0.033783193466587334,
      "converged": true,
      "weight": 0.019449078285581303
    },
    "gompertz": {
      "params": [
        0.9999999999999999,
        0.7411818325050191,
        0.15065155868458824
      ],
      "bic": -13.74504067888114,
      "residual_se": 0.03776872216562702,
      "converged": true,
      "weight": 0.01113630375179443
    },
    "shifted_logistic": {
      "params": [
        0.09417734788764953,
        9.756225954132395,
        76.1139701990353,
        0.2499999999999999
      ],
      "bic": 13.427563673049157,
      "residual_se": 0.48677302569671554,
      "converged": true,
      "weight": 1.4005060964865682e-08
    },
    "unimodal": {
      "params": [
        0.9999999999999901,
        26.157131846758205,
        19.097902823022917,
        0.13149450846445215
      ],
      "bic": -22.677930460270733,
      "residual_se": 0.013160876602049681,
      "converged": true,
      "weight": 0.9693786221211029
    }
  },
  "best_fit_family": "unimodal",
  "mean_elasticity_8_64": 0.021854177690620206
}