{
  "schema_version": "v6.0-pilot",
  "problem_id": "gpqa_diamond_0027",
  "subject": "chemistry",
  "temperature": 0.7,
  "n_samples_used": 16,
  "R_at_N": {
    "1": 0.1875,
    "2": 0.18333333333333332,
    "4": 0.07582417582417582,
    "8": 0.0,
    "16": 0.0
  },
  "R_at_N_ci_lower": {
    "1": 0.0625,
    "2": 0.03,
    "4": 0.0,
    "8": 0.0,
    "16": 0.0
  },
  "R_at_N_ci_upper": {
    "1": 0.375,
    "2": 0.37049999999999955,
    "4": 0.3109999999999991,
    "8": 0.19049999999999956,
    "16": 0.0
  },
  "fits": {
    "constant": {
      "params": [
        0.0893315018333829
      ],
      "bic": -9.065551048305995,
      "residual_se": 0.08320586596288576,
      "converged": true,
      "weight": 7.572248233694094e-18
    },
    "logistic": {
      "params": [
        0.1785696421476088,
        0.00010000000000000002,
        0.026342272526220123
      ],
      "bic": -5.8442095817095385,
      "residual_se": 0.08322638407781319,
      "converged": true,
      "weight": 1.5125837520099473e-18
    },
    "gompertz": {
      "params": [
        0.08933150182192245,
        0.00010000000000018672,
        9.999999999999998
      ],
      "bic": -5.846675211935803,
      "residual_se": 0.08320586605858905,
      "converged": true,
      "weight": 1.5144496380292289e-18
    },
    "shifted_logistic": {
      "params": [
        3.0845830500858335e-06,
        2.0155966838271846,
        3.804978206891547,
        0.1881562267937286
      ],
      "bic": -87.90961861782074,
      "residual_se": 1.933341600527125e-05,
      "converged": true,
      "weight": 0.9999921268133101
    },
    "unimodal": {
      "params": [
        0.19217258645341803,
        1.4200725441488076,
        1.891464454488019,
        2.4824467352308536e-20
      ],
      "bic": -64.40553904152286,
      "residual_se": 0.00020280460035047317,
      "converged": true,
      "weight": 7.873186689901767e-06
    }
  },
  "best_fit_family": "shifted_logistic",
  "mean_elasticity_8_64": 1.1856544510387356e-06
}