{
  "schema_version": "v6.0-pilot",
  "problem_id": "gpqa_diamond_0010",
  "subject": "biology",
  "temperature": 0.7,
  "n_samples_used": 16,
  "R_at_N": {
    "1": 0.6875,
    "2": 0.7,
    "4": 0.8505494505494505,
    "8": 0.974,
    "16": 1.0
  },
  "R_at_N_ci_lower": {
    "1": 0.5,
    "2": 0.46,
    "4": 0.51,
    "8": 0.5490000000000002,
    "16": 1.0
  },
  "R_at_N_ci_upper": {
    "1": 0.875,
    "2": 0.87,
    "4": 0.99,
    "8": 1.0,
    "16": 1.0
  },
  "fits": {
    "constant": {
      "params": [
        0.8424098901098901
      ],
      "bic": -4.486738395482412,
      "residual_se": 0.13152528506350905,
      "converged": true,
      "weight": 0.0002839512489428974
    },
    "logistic": {
      "params": [
        0.9999999999999999,
        0.47219600367038195,
        1.180774456620536e-15
      ],
      "bic": -14.722897169302662,
      "residual_se": 0.03425031134791426,
      "converged": true,
      "weight": 0.047423916677469584
    },
    "gompertz": {
      "params": [
        0.9999999999999999,
        0.5603269438737308,
        0.30532473913157365
      ],
      "bic": -18.842428836937422,
      "residual_se": 0.022685875096142567,
      "converged": true,
      "weight": 0.37199949863608245
    },
    "shifted_logistic": {
      "params": [
        0.7739560485559633,
        4.388840509676548,
        85.85979199113825,
        0.24999999999999764
      ],
      "bic": 15.632148847394454,
      "residual_se": 0.6068347209175264,
      "converged": true,
      "weight": 1.2147388668917867e-08
    },
    "unimodal": {
      "params": [
        0.9999999999999999,
        12.314079579070986,
        11.774947250797915,
        0.04675408305428688
      ],
      "bic": -19.731708815455935,
      "residual_se": 0.017670042636464912,
      "converged": true,
      "weight": 0.5802926212901165
    }
  },
  "best_fit_family": "unimodal",
  "mean_elasticity_8_64": 0.01897608615287821
}