{
  "schema_version": "v6.0-pilot",
  "problem_id": "gpqa_diamond_0030",
  "subject": "chemistry",
  "temperature": 0.7,
  "n_samples_used": 16,
  "R_at_N": {
    "1": 0.125,
    "2": 0.11666666666666667,
    "4": 0.035164835164835165,
    "8": 0.0,
    "16": 0.0
  },
  "R_at_N_ci_lower": {
    "1": 0.0,
    "2": 0.0,
    "4": 0.0,
    "8": 0.0,
    "16": 0.0
  },
  "R_at_N_ci_upper": {
    "1": 0.25,
    "2": 0.29,
    "4": 0.22049999999999956,
    "8": 0.14,
    "16": 0.0
  },
  "fits": {
    "constant": {
      "params": [
        0.055366300366326886
      ],
      "bic": -13.198611998169412,
      "residual_se": 0.05503733398707495,
      "converged": true,
      "weight": 7.659359425134182e-17
    },
    "logistic": {
      "params": [
        0.11067404301047316,
        0.00010000000000000002,
        0.018132850152564273
      ],
      "bic": -9.977512118411129,
      "residual_se": 0.05504957595354387,
      "converged": true,
      "weight": 1.5301693482576523e-17
    },
    "gompertz": {
      "params": [
        0.055366300595792346,
        0.00010000000002938538,
        9.999999999999998
      ],
      "bic": -9.97973616174401,
      "residual_se": 0.05503733405068271,
      "converged": true,
      "weight": 1.5318718761747644e-17
    },
    "shifted_logistic": {
      "params": [
        2.6434044725156377e-05,
        1.690084070116491,
        3.431220854799756,
        0.12705153035033775
      ],
      "bic": -80.93444897568817,
      "residual_se": 3.8836167411065085e-05,
      "converged": true,
      "weight": 0.039159989171262496
    },
    "unimodal": {
      "params": [
        0.12707354149944527,
        1.3049871241922284,
        1.6812786516547047,
        1.031720035682913e-10
      ],
      "bic": -87.3347537196998,
      "residual_se": 2.047739280893026e-05,
      "converged": true,
      "weight": 0.9608400108287374
    }
  },
  "best_fit_family": "unimodal",
  "mean_elasticity_8_64": 1.4628274594490962e-06
}