{
  "schema_version": "v6.0-pilot",
  "problem_id": "gpqa_diamond_0007",
  "subject": "biology",
  "temperature": 0.3,
  "n_samples_used": 16,
  "R_at_N": {
    "1": 0.9375,
    "2": 0.9166666666666666,
    "4": 1.0,
    "8": 1.0,
    "16": 1.0
  },
  "R_at_N_ci_lower": {
    "1": 0.8125,
    "2": 0.82,
    "4": 0.94,
    "8": 1.0,
    "16": 1.0
  },
  "R_at_N_ci_upper": {
    "1": 1.0,
    "2": 1.0,
    "4": 1.0,
    "8": 1.0,
    "16": 1.0
  },
  "fits": {
    "constant": {
      "params": [
        0.9708333331257631
      ],
      "bic": -17.353899287507428,
      "residual_se": 0.036324157862838956,
      "converged": true,
      "weight": 0.10525508093510234
    },
    "logistic": {
      "params": [
        0.9817987724502215,
        2.884276198363235,
        9.26857297091536e-19
      ],
      "bic": -15.615659755224975,
      "residual_se": 0.03132509070926842,
      "converged": true,
      "weight": 0.04413561179044514
    },
    "gompertz": {
      "params": [
        0.9999999999999999,
        0.12264141959628691,
        0.42290969144005397
      ],
      "bic": -20.74131604145842,
      "residual_se": 0.018762379375183505,
      "converged": true,
      "weight": 0.5725471689941775
    },
    "shifted_logistic": {
      "params": [
        0.7739560485559633,
        4.388840509676548,
        85.85979199113825,
        0.24999999999999944
      ],
      "bic": 17.366344315481292,
      "residual_se": 0.7217479746344216,
      "converged": true,
      "weight": 3.039750691818772e-09
    },
    "unimodal": {
      "params": [
        0.9999999999999437,
        11.202088205890384,
        23.247219795987142,
        0.01973878170071213
      ],
      "bic": -19.29681498842891,
      "residual_se": 0.018455456683464815,
      "converged": true,
      "weight": 0.2780621352405245
    }
  },
  "best_fit_family": "gompertz",
  "mean_elasticity_8_64": 8.253646594307725e-05
}