{
  "schema_version": "v6.0-pilot",
  "problem_id": "gpqa_diamond_0008",
  "subject": "chemistry",
  "temperature": 1.0,
  "n_samples_used": 16,
  "R_at_N": {
    "1": 0.25,
    "2": 0.275,
    "4": 0.22472527472527473,
    "8": 0.162,
    "16": 0.0
  },
  "R_at_N_ci_lower": {
    "1": 0.0625,
    "2": 0.07,
    "4": 0.02,
    "8": 0.0,
    "16": 0.0
  },
  "R_at_N_ci_upper": {
    "1": 0.4375,
    "2": 0.44,
    "4": 0.51,
    "8": 0.62,
    "16": 1.0
  },
  "fits": {
    "constant": {
      "params": [
        0.18234505494506473
      ],
      "bic": -7.366777231546431,
      "residual_se": 0.09861222417710157,
      "converged": true,
      "weight": 0.00032600761812858023
    },
    "logistic": {
      "params": [
        0.18234609626160206,
        9.999999999999998,
        3.5255301945314035e-16
      ],
      "bic": -4.147786208939907,
      "residual_se": 0.09861336017416437,
      "converged": true,
      "weight": 6.519776819984284e-05
    },
    "gompertz": {
      "params": [
        0.1823450550352509,
        0.00010000000000500773,
        9.999999999999998
      ],
      "bic": -4.147901395158449,
      "residual_se": 0.09861222429070068,
      "converged": true,
      "weight": 6.520152325016241e-05
    },
    "shifted_logistic": {
      "params": [
        9.760317622439522e-30,
        0.6322645518721527,
        8.932119699414567,
        0.24999999999999997
      ],
      "bic": -21.876774669332523,
      "residual_se": 0.014258655329494817,
      "converged": true,
      "weight": 0.4613533288702891
    },
    "unimodal": {
      "params": [
        0.2585625408472857,
        1.8815300101460772,
        5.892817350663373,
        2.9301982393622705e-25
      ],
      "bic": -22.18487058755583,
      "residual_se": 0.013826050389296792,
      "converged": true,
      "weight": 0.5381902642201322
    }
  },
  "best_fit_family": "unimodal",
  "mean_elasticity_8_64": 0.0027993809953299888
}