{
  "schema_version": "v6.0-pilot",
  "problem_id": "gpqa_diamond_0007",
  "subject": "biology",
  "temperature": 0.7,
  "n_samples_used": 16,
  "R_at_N": {
    "1": 0.875,
    "2": 0.8583333333333333,
    "4": 0.9714285714285714,
    "8": 1.0,
    "16": 1.0
  },
  "R_at_N_ci_lower": {
    "1": 0.75,
    "2": 0.72,
    "4": 0.83,
    "8": 0.97,
    "16": 1.0
  },
  "R_at_N_ci_upper": {
    "1": 1.0,
    "2": 1.0,
    "4": 1.0,
    "8": 1.0,
    "16": 1.0
  },
  "fits": {
    "constant": {
      "params": [
        0.9409523808901187
      ],
      "bic": -12.044551474708843,
      "residual_se": 0.06176999983664072,
      "converged": true,
      "weight": 0.019367233278117894
    },
    "logistic": {
      "params": [
        0.9720316649280923,
        1.8373134125158803,
        5.0504154417525067e-26
      ],
      "bic": -11.60840953832038,
      "residual_se": 0.04676543764428859,
      "converged": true,
      "weight": 0.015572579816540283
    },
    "gompertz": {
      "params": [
        0.9999999999999999,
        0.22908870112761326,
        0.37805839127670265
      ],
      "bic": -18.914177102295888,
      "residual_se": 0.0225236903968027,
      "converged": true,
      "weight": 0.6008801191083786
    },
    "shifted_logistic": {
      "params": [
        0.7739560485559633,
        4.388840509676548,
        85.85979199113825,
        0.24999999999999925
      ],
      "bic": 16.970094757610703,
      "residual_se": 0.693707954130255,
      "converged": true,
      "weight": 9.696549238542765e-09
    },
    "unimodal": {
      "params": [
        0.9999999999999993,
        11.530794108016929,
        17.34451898802951,
        0.031266842430642774
      ],
      "bic": -17.91268303197657,
      "residual_se": 0.021195168984202848,
      "converged": true,
      "weight": 0.36418005810041415
    }
  },
  "best_fit_family": "gompertz",
  "mean_elasticity_8_64": 0.00021721000750690917
}