{
  "schema_version": "v6.0-pilot",
  "problem_id": "gpqa_diamond_0026",
  "subject": "biology",
  "temperature": 0.7,
  "n_samples_used": 16,
  "R_at_N": {
    "1": 0.375,
    "2": 0.4166666666666667,
    "4": 0.3824175824175824,
    "8": 0.296,
    "16": 0.0
  },
  "R_at_N_ci_lower": {
    "1": 0.1875,
    "2": 0.17,
    "4": 0.08,
    "8": 0.0,
    "16": 0.0
  },
  "R_at_N_ci_upper": {
    "1": 0.5625,
    "2": 0.6004999999999995,
    "4": 0.72,
    "8": 0.86,
    "16": 1.0
  },
  "fits": {
    "constant": {
      "params": [
        0.29401684981684983
      ],
      "bic": -3.0249805131204006,
      "residual_se": 0.1522273159272668,
      "converged": true,
      "weight": 0.00033990059360951074
    },
    "logistic": {
      "params": [
        0.2940187840708167,
        9.999999999999767,
        2.553210041774054e-14
      ],
      "bic": 0.1939886167668181,
      "residual_se": 0.15222873629115388,
      "converged": true,
      "weight": 6.797694735274372e-05
    },
    "gompertz": {
      "params": [
        0.2940168500234891,
        0.00010000000037909735,
        9.999999999999941
      ],
      "bic": 0.19389532107812357,
      "residual_se": 0.1522273160692998,
      "converged": true,
      "weight": 6.79801184047639e-05
    },
    "shifted_logistic": {
      "params": [
        0.3379262907444435,
        0.00010000000000000026,
        6.925018413913046e-06,
        0.24999999983110552
      ],
      "bic": 1.8040940231363711,
      "residual_se": 0.15223889780611521,
      "converged": true,
      "weight": 3.0390070750051768e-05
    },
    "unimodal": {
      "params": [
        0.4107313210597,
        3.2399496940901966,
        5.417051157645908,
        1.1275368119064036e-27
      ],
      "bic": -18.99768247096637,
      "residual_se": 0.019015859351515126,
      "converged": true,
      "weight": 0.9994937522698829
    }
  },
  "best_fit_family": "unimodal",
  "mean_elasticity_8_64": 0.00516097511143673
}