{
  "schema_version": "v6.0-pilot",
  "problem_id": "gpqa_diamond_0040",
  "subject": "physics",
  "temperature": 0.7,
  "n_samples_used": 16,
  "R_at_N": {
    "1": 0.3125,
    "2": 0.31666666666666665,
    "4": 0.2895604395604396,
    "8": 0.228,
    "16": 0.0
  },
  "R_at_N_ci_lower": {
    "1": 0.125,
    "2": 0.12,
    "4": 0.03950000000000003,
    "8": 0.0,
    "16": 0.0
  },
  "R_at_N_ci_upper": {
    "1": 0.5,
    "2": 0.5304999999999995,
    "4": 0.62,
    "8": 0.7304999999999995,
    "16": 1.0
  },
  "fits": {
    "constant": {
      "params": [
        0.22934542124542126
      ],
      "bic": -5.490202450994897,
      "residual_se": 0.11896778110481354,
      "converged": true,
      "weight": 0.0005584957116858556
    },
    "logistic": {
      "params": [
        0.22934674855019968,
        9.999999999969024,
        1.8158566617195571e-12
      ],
      "bic": -2.2712042706683295,
      "residual_se": 0.11896923674945759,
      "converged": true,
      "weight": 0.00011169230904631606
    },
    "gompertz": {
      "params": [
        0.22934542136074207,
        0.0001000000026394559,
        9.99999999999982
      ],
      "bic": -2.271326613891148,
      "residual_se": 0.11896778125037713,
      "converged": true,
      "weight": 0.000111699141653821
    },
    "shifted_logistic": {
      "params": [
        7.20283441673334e-13,
        3.795418153364069,
        8.615993206461424,
        0.24999999999999997
      ],
      "bic": -10.488220398195711,
      "residual_se": 0.04453251252698288,
      "converged": true,
      "weight": 0.0067971311593239235
    },
    "unimodal": {
      "params": [
        0.3171983427686386,
        2.6674104508815137,
        5.873039765378387,
        6.077654783284137e-34
      ],
      "bic": -20.455513916449622,
      "residual_se": 0.01643626524857152,
      "converged": true,
      "weight": 0.9924209816782901
    }
  },
  "best_fit_family": "unimodal",
  "mean_elasticity_8_64": 0.003875133350112247
}