{
  "schema_version": "v6.0-pilot",
  "problem_id": "gpqa_diamond_0007",
  "subject": "biology",
  "temperature": 1.0,
  "n_samples_used": 16,
  "R_at_N": {
    "1": 0.8125,
    "2": 0.8166666666666667,
    "4": 0.9324175824175824,
    "8": 1.0,
    "16": 1.0
  },
  "R_at_N_ci_lower": {
    "1": 0.625,
    "2": 0.6195,
    "4": 0.6995,
    "8": 0.83,
    "16": 1.0
  },
  "R_at_N_ci_upper": {
    "1": 0.9375,
    "2": 0.96,
    "4": 1.0,
    "8": 1.0,
    "16": 1.0
  },
  "fits": {
    "constant": {
      "params": [
        0.9123168498168498
      ],
      "bic": -9.025701480728458,
      "residual_se": 0.08353809926876601,
      "converged": true,
      "weight": 0.0015848308647429545
    },
    "logistic": {
      "params": [
        0.9782866595569966,
        1.133571417541764,
        3.9144596704506384e-28
      ],
      "bic": -11.011567887125182,
      "residual_se": 0.0496415697904567,
      "converged": true,
      "weight": 0.004277680377885596
    },
    "gompertz": {
      "params": [
        0.9999999999999999,
        0.33047777378293564,
        0.35485695858378014
      ],
      "bic": -20.258193211976852,
      "residual_se": 0.01969108609488201,
      "converged": true,
      "weight": 0.43559963682273356
    },
    "shifted_logistic": {
      "params": [
        0.7739560485559633,
        4.388840509676548,
        85.85979199113825,
        0.24999999999999895
      ],
      "bic": 16.58594279093869,
      "residual_se": 0.6675643965796523,
      "converged": true,
      "weight": 4.349957669155741e-09
    },
    "unimodal": {
      "params": [
        0.9999999999999999,
        11.7456056138055,
        14.625067287099496,
        0.040358141671726855
      ],
      "bic": -20.755390862746975,
      "residual_se": 0.01595069647671328,
      "converged": true,
      "weight": 0.5585378475846803
    }
  },
  "best_fit_family": "unimodal",
  "mean_elasticity_8_64": 0.018309629804290975
}