{
  "schema_version": "v6.0-pilot",
  "problem_id": "gpqa_diamond_0027",
  "subject": "chemistry",
  "temperature": 0.3,
  "n_samples_used": 16,
  "R_at_N": {
    "1": 0.125,
    "2": 0.125,
    "4": 0.033516483516483515,
    "8": 0.0,
    "16": 0.0
  },
  "R_at_N_ci_lower": {
    "1": 0.0,
    "2": 0.0,
    "4": 0.0,
    "8": 0.0,
    "16": 0.0
  },
  "R_at_N_ci_upper": {
    "1": 0.25,
    "2": 0.29,
    "4": 0.21049999999999955,
    "8": 0.07,
    "16": 0.0
  },
  "fits": {
    "constant": {
      "params": [
        0.056703296724422696
      ],
      "bic": -12.832226648209303,
      "residual_se": 0.05709121715675751,
      "converged": true,
      "weight": 8.807914681003314e-17
    },
    "logistic": {
      "params": [
        0.11334679283006832,
        0.00010000000000000002,
        0.056033493177524374
      ],
      "bic": -9.611179431740597,
      "residual_se": 0.05710361524170336,
      "converged": true,
      "weight": 1.7596714308494633e-17
    },
    "gompertz": {
      "params": [
        0.056703296706966846,
        0.00010000000001283301,
        9.999999999999998
      ],
      "bic": -9.613350812552271,
      "residual_se": 0.05709121721835225,
      "converged": true,
      "weight": 1.7615829266979538e-17
    },
    "shifted_logistic": {
      "params": [
        0.7739560485559633,
        4.388840509676548,
        85.85979199113825,
        0.05670329670395602
      ],
      "bic": -8.003912910907001,
      "residual_se": 0.05709121715675751,
      "converged": true,
      "weight": 7.878038386696737e-18
    },
    "unimodal": {
      "params": [
        0.13202137943872053,
        1.5000016224498822,
        1.5093405891401863,
        2.7497193625807558e-05
      ],
      "bic": -86.76881838432911,
      "residual_se": 2.1669701081851338e-05,
      "converged": true,
      "weight": 0.9999999999999998
    }
  },
  "best_fit_family": "unimodal",
  "mean_elasticity_8_64": 4.3975338850555597e-07
}