{
  "problem_id": "gpqa_diamond_0047",
  "n_total": 64,
  "c_correct": 15,
  "p": 0.234375,
  "mv_acc": {
    "1": 0.234375,
    "2": 0.16369,
    "4": 0.2145,
    "8": 0.1635,
    "16": 0.1055,
    "32": 0.023,
    "64": 0.0
  },
  "oracle_pass_at_n": {
    "1": 0.234375,
    "2": 0.416667,
    "4": 0.666534,
    "8": 0.898111,
    "16": 0.993147,
    "32": 0.999996,
    "64": 1.0
  },
  "mv_gain": -0.234375,
  "mv_gain_max": 0.0,
  "interior_peak": false
}