{
  "problem_id": "gpqa_diamond_0075",
  "n_total": 64,
  "c_correct": 50,
  "p": 0.78125,
  "mv_acc": {
    "1": 0.78125,
    "2": 0.954861,
    "4": 0.928,
    "8": 0.9875,
    "16": 0.999,
    "32": 1.0,
    "64": 1.0
  },
  "oracle_pass_at_n": {
    "1": 0.78125,
    "2": 0.954861,
    "4": 0.998425,
    "8": 0.999999,
    "16": 1.0,
    "32": 1.0,
    "64": 1.0
  },
  "mv_gain": 0.21875,
  "mv_gain_max": 0.21875,
  "interior_peak": true
}