{
  "problem_id": "gpqa_diamond_0012",
  "n_total": 64,
  "c_correct": 44,
  "p": 0.6875,
  "mv_acc": {
    "1": 0.6875,
    "2": 0.905754,
    "4": 0.86,
    "8": 0.9675,
    "16": 0.999,
    "32": 1.0,
    "64": 1.0
  },
  "oracle_pass_at_n": {
    "1": 0.6875,
    "2": 0.905754,
    "4": 0.992375,
    "8": 0.999972,
    "16": 1.0,
    "32": 1.0,
    "64": 1.0
  },
  "mv_gain": 0.3125,
  "mv_gain_max": 0.3125,
  "interior_peak": true
}