{
  "problem_id": "gpqa_diamond_0070",
  "n_total": 64,
  "c_correct": 8,
  "p": 0.125,
  "mv_acc": {
    "1": 0.125,
    "2": 0.013889,
    "4": 0.0735,
    "8": 0.0335,
    "16": 0.0075,
    "32": 0.0,
    "64": 0.0
  },
  "oracle_pass_at_n": {
    "1": 0.125,
    "2": 0.236111,
    "4": 0.421933,
    "8": 0.679069,
    "16": 0.914746,
    "32": 0.997624,
    "64": 1.0
  },
  "mv_gain": -0.125,
  "mv_gain_max": 0.0,
  "interior_peak": false
}