{
  "problem_id": "gpqa_diamond_0151",
  "n_total": 64,
  "c_correct": 4,
  "p": 0.0625,
  "mv_acc": {
    "1": 0.0625,
    "2": 0.104167,
    "4": 0.0075,
    "8": 0.0015,
    "16": 0.0,
    "32": 0.0,
    "64": 0.0
  },
  "oracle_pass_at_n": {
    "1": 0.0625,
    "2": 0.122024,
    "4": 0.232525,
    "8": 0.421933,
    "16": 0.693756,
    "32": 0.943404,
    "64": 1.0
  },
  "mv_gain": -0.0625,
  "mv_gain_max": 0.041667,
  "interior_peak": true
}