{
  "problem_id": "gpqa_diamond_0134",
  "n_total": 64,
  "c_correct": 5,
  "p": 0.078125,
  "mv_acc": {
    "1": 0.078125,
    "2": 0.146329,
    "4": 0.023,
    "8": 0.004,
    "16": 0.0,
    "32": 0.0,
    "64": 0.0
  },
  "oracle_pass_at_n": {
    "1": 0.078125,
    "2": 0.15129,
    "4": 0.28369,
    "8": 0.499008,
    "16": 0.775421,
    "32": 0.973588,
    "64": 1.0
  },
  "mv_gain": -0.078125,
  "mv_gain_max": 0.068204,
  "interior_peak": true
}