{
  "problem_id": "gpqa_diamond_0027",
  "n_total": 64,
  "c_correct": 49,
  "p": 0.765625,
  "mv_acc": {
    "1": 0.765625,
    "2": 0.947917,
    "4": 0.9215,
    "8": 0.9905,
    "16": 1.0,
    "32": 1.0,
    "64": 1.0
  },
  "oracle_pass_at_n": {
    "1": 0.765625,
    "2": 0.947917,
    "4": 0.997852,
    "8": 0.999999,
    "16": 1.0,
    "32": 1.0,
    "64": 1.0
  },
  "mv_gain": 0.234375,
  "mv_gain_max": 0.234375,
  "interior_peak": true
}