{
  "problem_id": "gpqa_diamond_0130",
  "n_total": 64,
  "c_correct": 14,
  "p": 0.21875,
  "mv_acc": {
    "1": 0.21875,
    "2": 0.392361,
    "4": 0.1935,
    "8": 0.1585,
    "16": 0.0845,
    "32": 0.0105,
    "64": 0.0
  },
  "oracle_pass_at_n": {
    "1": 0.21875,
    "2": 0.392361,
    "4": 0.637537,
    "8": 0.878703,
    "16": 0.989921,
    "32": 0.99999,
    "64": 1.0
  },
  "mv_gain": -0.21875,
  "mv_gain_max": 0.173611,
  "interior_peak": true
}