{
  "problem_id": "gpqa_diamond_0082",
  "n_total": 64,
  "c_correct": 13,
  "p": 0.203125,
  "mv_acc": {
    "1": 0.203125,
    "2": 0.36756,
    "4": 0.1435,
    "8": 0.0845,
    "16": 0.0345,
    "32": 0.0,
    "64": 0.0
  },
  "oracle_pass_at_n": {
    "1": 0.203125,
    "2": 0.36756,
    "4": 0.60669,
    "8": 0.856137,
    "16": 0.985314,
    "32": 0.999974,
    "64": 1.0
  },
  "mv_gain": -0.203125,
  "mv_gain_max": 0.164435,
  "interior_peak": true
}