{
  "problem_id": "gpqa_diamond_0096",
  "n_total": 64,
  "c_correct": 30,
  "p": 0.46875,
  "mv_acc": {
    "1": 0.46875,
    "2": 0.721726,
    "4": 0.6,
    "8": 0.7595,
    "16": 0.898,
    "32": 0.9905,
    "64": 1.0
  },
  "oracle_pass_at_n": {
    "1": 0.46875,
    "2": 0.721726,
    "4": 0.92701,
    "8": 0.995898,
    "16": 0.999995,
    "32": 1.0,
    "64": 1.0
  },
  "mv_gain": 0.53125,
  "mv_gain_max": 0.53125,
  "interior_peak": false
}