{
  "problem_id": "gpqa_diamond_0050",
  "n_total": 64,
  "c_correct": 11,
  "p": 0.171875,
  "mv_acc": {
    "1": 0.171875,
    "2": 0.316468,
    "4": 0.1295,
    "8": 0.1025,
    "16": 0.051,
    "32": 0.009,
    "64": 0.0
  },
  "oracle_pass_at_n": {
    "1": 0.171875,
    "2": 0.316468,
    "4": 0.539131,
    "8": 0.799754,
    "16": 0.969614,
    "32": 0.999826,
    "64": 1.0
  },
  "mv_gain": -0.171875,
  "mv_gain_max": 0.144593,
  "interior_peak": true
}