{
  "problem_id": "gpqa_diamond_0107",
  "n_total": 64,
  "c_correct": 40,
  "p": 0.625,
  "mv_acc": {
    "1": 0.625,
    "2": 0.863095,
    "4": 0.726,
    "8": 0.8225,
    "16": 0.9245,
    "32": 0.9935,
    "64": 1.0
  },
  "oracle_pass_at_n": {
    "1": 0.625,
    "2": 0.863095,
    "4": 0.983276,
    "8": 0.999834,
    "16": 1.0,
    "32": 1.0,
    "64": 1.0
  },
  "mv_gain": 0.375,
  "mv_gain_max": 0.375,
  "interior_peak": false
}