{
  "problem_id": "gpqa_diamond_0074",
  "n_total": 64,
  "c_correct": 58,
  "p": 0.90625,
  "mv_acc": {
    "1": 0.90625,
    "2": 0.81994,
    "4": 0.992,
    "8": 1.0,
    "16": 1.0,
    "32": 1.0,
    "64": 1.0
  },
  "oracle_pass_at_n": {
    "1": 0.90625,
    "2": 0.99256,
    "4": 0.999976,
    "8": 1.0,
    "16": 1.0,
    "32": 1.0,
    "64": 1.0
  },
  "mv_gain": 0.09375,
  "mv_gain_max": 0.09375,
  "interior_peak": true
}