{
  "problem_id": "gpqa_diamond_0154",
  "n_total": 64,
  "c_correct": 9,
  "p": 0.140625,
  "mv_acc": {
    "1": 0.140625,
    "2": 0.263393,
    "4": 0.106,
    "8": 0.0425,
    "16": 0.0095,
    "32": 0.0,
    "64": 0.0
  },
  "oracle_pass_at_n": {
    "1": 0.140625,
    "2": 0.263393,
    "4": 0.463223,
    "8": 0.724916,
    "16": 0.939104,
    "32": 0.998982,
    "64": 1.0
  },
  "mv_gain": -0.140625,
  "mv_gain_max": 0.122768,
  "interior_peak": true
}