{
  "problem_id": "gpqa_diamond_0160",
  "n_total": 64,
  "c_correct": 29,
  "p": 0.453125,
  "mv_acc": {
    "1": 0.453125,
    "2": 0.215774,
    "4": 0.4595,
    "8": 0.4405,
    "16": 0.395,
    "32": 0.31,
    "64": 0.0
  },
  "oracle_pass_at_n": {
    "1": 0.453125,
    "2": 0.704861,
    "4": 0.917592,
    "8": 0.994683,
    "16": 0.999992,
    "32": 1.0,
    "64": 1.0
  },
  "mv_gain": -0.453125,
  "mv_gain_max": 0.006375,
  "interior_peak": true
}