{
  "problem_id": "gpqa_diamond_0080",
  "n_total": 64,
  "c_correct": 20,
  "p": 0.3125,
  "mv_acc": {
    "1": 0.3125,
    "2": 0.530754,
    "4": 0.2965,
    "8": 0.26,
    "16": 0.188,
    "32": 0.0585,
    "64": 0.0
  },
  "oracle_pass_at_n": {
    "1": 0.3125,
    "2": 0.530754,
    "4": 0.786345,
    "8": 0.959958,
    "16": 0.999147,
    "32": 1.0,
    "64": 1.0
  },
  "mv_gain": -0.3125,
  "mv_gain_max": 0.218254,
  "interior_peak": true
}