{
  "problem_id": "gpqa_diamond_0127",
  "n_total": 64,
  "c_correct": 24,
  "p": 0.375,
  "mv_acc": {
    "1": 0.375,
    "2": 0.136905,
    "4": 0.4175,
    "8": 0.51,
    "16": 0.6,
    "32": 0.709,
    "64": 1.0
  },
  "oracle_pass_at_n": {
    "1": 0.375,
    "2": 0.613095,
    "4": 0.856164,
    "8": 0.982625,
    "16": 0.999871,
    "32": 1.0,
    "64": 1.0
  },
  "mv_gain": 0.625,
  "mv_gain_max": 0.625,
  "interior_peak": false
}