{
  "problem_id": "gpqa_diamond_0131",
  "n_total": 64,
  "c_correct": 38,
  "p": 0.59375,
  "mv_acc": {
    "1": 0.59375,
    "2": 0.725694,
    "4": 0.698,
    "8": 0.8185,
    "16": 0.9055,
    "32": 0.995,
    "64": 1.0
  },
  "oracle_pass_at_n": {
    "1": 0.59375,
    "2": 0.83879,
    "4": 0.976471,
    "8": 0.999647,
    "16": 1.0,
    "32": 1.0,
    "64": 1.0
  },
  "mv_gain": 0.40625,
  "mv_gain_max": 0.40625,
  "interior_peak": false
}