{
  "problem_id": "gpqa_diamond_0026",
  "n_total": 64,
  "c_correct": 26,
  "p": 0.40625,
  "mv_acc": {
    "1": 0.40625,
    "2": 0.238591,
    "4": 0.418,
    "8": 0.3835,
    "16": 0.3225,
    "32": 0.2225,
    "64": 0.0
  },
  "oracle_pass_at_n": {
    "1": 0.40625,
    "2": 0.65129,
    "4": 0.883825,
    "8": 0.988951,
    "16": 0.999954,
    "32": 1.0,
    "64": 1.0
  },
  "mv_gain": -0.40625,
  "mv_gain_max": 0.01175,
  "interior_peak": true
}