{
  "problem_id": "gpqa_diamond_0065",
  "n_total": 64,
  "c_correct": 52,
  "p": 0.8125,
  "mv_acc": {
    "1": 0.8125,
    "2": 0.967262,
    "4": 0.958,
    "8": 0.998,
    "16": 1.0,
    "32": 1.0,
    "64": 1.0
  },
  "oracle_pass_at_n": {
    "1": 0.8125,
    "2": 0.967262,
    "4": 0.999221,
    "8": 1.0,
    "16": 1.0,
    "32": 1.0,
    "64": 1.0
  },
  "mv_gain": 0.1875,
  "mv_gain_max": 0.1875,
  "interior_peak": true
}