{
  "problem_id": "gpqa_diamond_0098",
  "n_total": 64,
  "c_correct": 2,
  "p": 0.03125,
  "mv_acc": {
    "1": 0.03125,
    "2": 0.027282,
    "4": 0.0035,
    "8": 0.0,
    "16": 0.0,
    "32": 0.0,
    "64": 0.0
  },
  "oracle_pass_at_n": {
    "1": 0.03125,
    "2": 0.062004,
    "4": 0.122024,
    "8": 0.236111,
    "16": 0.440476,
    "32": 0.753968,
    "64": 1.0
  },
  "mv_gain": -0.03125,
  "mv_gain_max": 0.0,
  "interior_peak": false
}