{
  "problem_id": "gpqa_diamond_0195",
  "n_total": 64,
  "c_correct": 28,
  "p": 0.4375,
  "mv_acc": {
    "1": 0.4375,
    "2": 0.284722,
    "4": 0.485,
    "8": 0.516,
    "16": 0.5355,
    "32": 0.563,
    "64": 1.0
  },
  "oracle_pass_at_n": {
    "1": 0.4375,
    "2": 0.6875,
    "4": 0.907291,
    "8": 0.993163,
    "16": 0.999985,
    "32": 1.0,
    "64": 1.0
  },
  "mv_gain": 0.5625,
  "mv_gain_max": 0.5625,
  "interior_peak": false
}