{
  "problem_id": "gpqa_diamond_0030",
  "n_total": 64,
  "c_correct": 25,
  "p": 0.390625,
  "mv_acc": {
    "1": 0.390625,
    "2": 0.47123,
    "4": 0.4745,
    "8": 0.606,
    "16": 0.7425,
    "32": 0.9225,
    "64": 1.0
  },
  "oracle_pass_at_n": {
    "1": 0.390625,
    "2": 0.63244,
    "4": 0.870548,
    "8": 0.9861,
    "16": 0.999923,
    "32": 1.0,
    "64": 1.0
  },
  "mv_gain": 0.609375,
  "mv_gain_max": 0.609375,
  "interior_peak": false
}