{
  "problem_id": "gpqa_diamond_0164",
  "n_total": 64,
  "c_correct": 51,
  "p": 0.796875,
  "mv_acc": {
    "1": 0.796875,
    "2": 0.657738,
    "4": 0.9495,
    "8": 0.995,
    "16": 1.0,
    "32": 1.0,
    "64": 1.0
  },
  "oracle_pass_at_n": {
    "1": 0.796875,
    "2": 0.96131,
    "4": 0.998875,
    "8": 1.0,
    "16": 1.0,
    "32": 1.0,
    "64": 1.0
  },
  "mv_gain": 0.203125,
  "mv_gain_max": 0.203125,
  "interior_peak": true
}