{
  "problem_id": "gpqa_diamond_0167",
  "n_total": 64,
  "c_correct": 1,
  "p": 0.015625,
  "mv_acc": {
    "1": 0.015625,
    "2": 0.00248,
    "4": 0.0,
    "8": 0.0,
    "16": 0.0,
    "32": 0.0,
    "64": 0.0
  },
  "oracle_pass_at_n": {
    "1": 0.015625,
    "2": 0.03125,
    "4": 0.0625,
    "8": 0.125,
    "16": 0.25,
    "32": 0.5,
    "64": 1.0
  },
  "mv_gain": -0.015625,
  "mv_gain_max": 0.0,
  "interior_peak": false
}