{
  "problem_id": "gpqa_diamond_0090",
  "n_total": 64,
  "c_correct": 5,
  "p": 0.078125,
  "mv_acc": {
    "1": 0.078125,
    "2": 0.079365,
    "4": 0.0405,
    "8": 0.0065,
    "16": 0.0005,
    "32": 0.0,
    "64": 0.0
  },
  "oracle_pass_at_n": {
    "1": 0.078125,
    "2": 0.15129,
    "4": 0.28369,
    "8": 0.499008,
    "16": 0.775421,
    "32": 0.973588,
    "64": 1.0
  },
  "mv_gain": -0.078125,
  "mv_gain_max": 0.00124,
  "interior_peak": true
}