{
  "problem_id": "gpqa_diamond_0092",
  "n_total": 64,
  "c_correct": 16,
  "p": 0.25,
  "mv_acc": {
    "1": 0.25,
    "2": 0.440476,
    "4": 0.255,
    "8": 0.2325,
    "16": 0.2165,
    "32": 0.133,
    "64": 0.0
  },
  "oracle_pass_at_n": {
    "1": 0.25,
    "2": 0.440476,
    "4": 0.693756,
    "8": 0.914746,
    "16": 0.995384,
    "32": 0.999999,
    "64": 1.0
  },
  "mv_gain": -0.25,
  "mv_gain_max": 0.190476,
  "interior_peak": true
}