{
  "problem_id": "gpqa_diamond_0032",
  "n_total": 64,
  "c_correct": 6,
  "p": 0.09375,
  "mv_acc": {
    "1": 0.09375,
    "2": 0.00744,
    "4": 0.0295,
    "8": 0.004,
    "16": 0.0,
    "32": 0.0,
    "64": 0.0
  },
  "oracle_pass_at_n": {
    "1": 0.09375,
    "2": 0.18006,
    "4": 0.332254,
    "8": 0.56694,
    "16": 0.836324,
    "32": 0.987913,
    "64": 1.0
  },
  "mv_gain": -0.09375,
  "mv_gain_max": 0.0,
  "interior_peak": false
}