{
  "problem_id": "gpqa_diamond_0087",
  "n_total": 64,
  "c_correct": 60,
  "p": 0.9375,
  "mv_acc": {
    "1": 0.9375,
    "2": 0.997024,
    "4": 0.998,
    "8": 1.0,
    "16": 1.0,
    "32": 1.0,
    "64": 1.0
  },
  "oracle_pass_at_n": {
    "1": 0.9375,
    "2": 0.997024,
    "4": 0.999998,
    "8": 1.0,
    "16": 1.0,
    "32": 1.0,
    "64": 1.0
  },
  "mv_gain": 0.0625,
  "mv_gain_max": 0.0625,
  "interior_peak": true
}