{
  "problem_id": "gpqa_diamond_0029",
  "n_total": 64,
  "c_correct": 17,
  "p": 0.265625,
  "mv_acc": {
    "1": 0.265625,
    "2": 0.06746,
    "4": 0.2675,
    "8": 0.2755,
    "16": 0.254,
    "32": 0.22,
    "64": 0.0
  },
  "oracle_pass_at_n": {
    "1": 0.265625,
    "2": 0.46379,
    "4": 0.719276,
    "8": 0.928955,
    "16": 0.996923,
    "32": 1.0,
    "64": 1.0
  },
  "mv_gain": -0.265625,
  "mv_gain_max": 0.009875,
  "interior_peak": true
}