{
  "problem_id": "gpqa_diamond_0121",
  "n_total": 64,
  "c_correct": 23,
  "p": 0.359375,
  "mv_acc": {
    "1": 0.359375,
    "2": 0.125496,
    "4": 0.325,
    "8": 0.272,
    "16": 0.1825,
    "32": 0.0525,
    "64": 0.0
  },
  "oracle_pass_at_n": {
    "1": 0.359375,
    "2": 0.593254,
    "4": 0.840614,
    "8": 0.978413,
    "16": 0.999789,
    "32": 1.0,
    "64": 1.0
  },
  "mv_gain": -0.359375,
  "mv_gain_max": 0.0,
  "interior_peak": false
}