{
  "problem_id": "gpqa_diamond_0156",
  "n_total": 64,
  "c_correct": 34,
  "p": 0.53125,
  "mv_acc": {
    "1": 0.53125,
    "2": 0.784226,
    "4": 0.5545,
    "8": 0.5905,
    "16": 0.64,
    "32": 0.7285,
    "64": 1.0
  },
  "oracle_pass_at_n": {
    "1": 0.53125,
    "2": 0.784226,
    "4": 0.956868,
    "8": 0.998678,
    "16": 1.0,
    "32": 1.0,
    "64": 1.0
  },
  "mv_gain": 0.46875,
  "mv_gain_max": 0.46875,
  "interior_peak": false
}