{
  "schema_version": "v6.0-pilot",
  "n_problems": 47,
  "mean_nll": {
    "min": 0.03612142829875568,
    "p25": 0.15795720555052156,
    "median": 0.27232397047186013,
    "p75": 0.34248730124016324,
    "max": 0.496706888912905
  },
  "n_tokens": {
    "min": 250,
    "median": 546.0,
    "max": 2048
  },
  "n_problems_with_top_logprobs": 47,
  "problem_ids": [
    "gpqa_diamond_0010",
    "gpqa_diamond_0012",
    "gpqa_diamond_0026",
    "gpqa_diamond_0027",
    "gpqa_diamond_0029",
    "gpqa_diamond_0030",
    "gpqa_diamond_0032",
    "gpqa_diamond_0043",
    "gpqa_diamond_0046",
    "gpqa_diamond_0047",
    "gpqa_diamond_0050",
    "gpqa_diamond_0051",
    "gpqa_diamond_0052",
    "gpqa_diamond_0065",
    "gpqa_diamond_0070",
    "gpqa_diamond_0074",
    "gpqa_diamond_0075",
    "gpqa_diamond_0077",
    "gpqa_diamond_0079",
    "gpqa_diamond_0080",
    "gpqa_diamond_0082",
    "gpqa_diamond_0087",
    "gpqa_diamond_0090",
    "gpqa_diamond_0092",
    "gpqa_diamond_0096",
    "gpqa_diamond_0098",
    "gpqa_diamond_0101",
    "gpqa_diamond_0106",
    "gpqa_diamond_0107",
    "gpqa_diamond_0121",
    "gpqa_diamond_0127",
    "gpqa_diamond_0130",
    "gpqa_diamond_0131",
    "gpqa_diamond_0134",
    "gpqa_diamond_0151",
    "gpqa_diamond_0154",
    "gpqa_diamond_0156",
    "gpqa_diamond_0159",
    "gpqa_diamond_0160",
    "gpqa_diamond_0164",
    "gpqa_diamond_0165",
    "gpqa_diamond_0167",
    "gpqa_diamond_0171",
    "gpqa_diamond_0173",
    "gpqa_diamond_0176",
    "gpqa_diamond_0178",
    "gpqa_diamond_0195"
  ],
  "mean_entropy": {
    "min": 0.05864555163977454,
    "p25": 0.14781828742059183,
    "median": 0.2390875145523755,
    "p75": 0.31258690923308774,
    "max": 0.40753947250102396
  }
}